Source,Longitude,Latitude,Water_Depth,Core_Name,Temp,GDGT_0,GDGT_1,GDGT_2,GDGT_3,Crenarchaeol,Cren
Tierney and Tingley 2015,122.67,32,30,1,16,0.285,0.059,0.039,0.015,0.596,0.006
Tierney and Tingley 2015,123,32,37,2,16,0.283,0.065,0.043,0.022,0.587,0
Tierney and Tingley 2015,122.33,31.75,23,3,16.8,0.257,0.053,0.037,0.013,0.635,0.005
Tierney and Tingley 2015,123,31.75,36,4,16.8,0.3073,0.0561,0.041,0.014,0.5756,0.006
Tierney and Tingley 2015,123.33,31.75,33,5,17.8,0.3046,0.0581,0.0431,0.014,0.5731,0.007
Tierney and Tingley 2015,122.17,31.5,7,6,16.8,0.432,0.115,0.057,0.021,0.37,0.005
Tierney and Tingley 2015,122.33,31.5,16,7,16.8,0.449,0.029,0.015,0.005,0.5,0.002
Tierney and Tingley 2015,122.5,31.5,28,8,16.8,0.2667,0.0599,0.041,0.015,0.6094,0.008
Tierney and Tingley 2015,122.67,31.5,38,9,16.8,0.273,0.064,0.045,0.018,0.591,0.009
Tierney and Tingley 2015,123,31.5,32,10,16.8,0.2767,0.0629,0.043,0.016,0.5944,0.007
Tierney and Tingley 2015,122.5,31.5,22,11,16.8,0.283,0.05,0.034,0.012,0.613,0.008
Tierney and Tingley 2015,122.67,31.25,37,12,16.8,0.263,0.057,0.04,0.014,0.619,0.007
Tierney and Tingley 2015,122,31.25,7,13,16.8,0.2807,0.0599,0.049,0.017,0.5854,0.008
Tierney and Tingley 2015,122.17,31,8,14,16.8,0.273,0.059,0.044,0.015,0.602,0.007
Tierney and Tingley 2015,122.33,31,8,15,16.8,0.2687,0.0519,0.038,0.013,0.6214,0.007
Tierney and Tingley 2015,122.67,31,20,16,16.8,0.2677,0.0539,0.036,0.013,0.6224,0.007
Tierney and Tingley 2015,122,30.75,10,17,19.7,0.264,0.038,0.046,0.015,0.63,0.007
Tierney and Tingley 2015,122.5,30.75,14,18,19.7,0.2557,0.0529,0.037,0.014,0.6314,0.009
Tierney and Tingley 2015,122.67,30.75,38,19,19.7,0.27,0.06,0.041,0.015,0.606,0.008
Tierney and Tingley 2015,123,30.75,46,20,19.7,0.4456,0.0639,0.0639,0.022,0.3896,0.015
Tierney and Tingley 2015,-48.35,4.04,1088,20,27.4,0.2882,0.0808,0.0861,0.0141,0.4886,0.0422
Tierney and Tingley 2015,122,31,11,21,16.8,0.278,0.056,0.043,0.015,0.601,0.007
Tierney and Tingley 2015,-48.54,3.96,738,21,27.4,0.2606,0.0745,0.0824,0.0133,0.5319,0.0372
Tierney and Tingley 2015,122.33,30.5,24,22,19.7,0.2322,0.0521,0.042,0.015,0.6517,0.007
Tierney and Tingley 2015,122.67,30.5,33,23,19.7,0.243,0.055,0.04,0.014,0.64,0.008
Tierney and Tingley 2015,-49.06,3.68,107,23,27.5,0.2993,0.0743,0.075,0.0102,0.5085,0.0327
Tierney and Tingley 2015,124.5,32,39,24,17.7,0.3606,0.0599,0.038,0.014,0.5175,0.01
Tierney and Tingley 2015,125,32,47,25,17.8,0.3263,0.0581,0.039,0.013,0.5546,0.009
Tierney and Tingley 2015,-49.86,3.19,32,25,27.5,0.1533,0.0499,0.072,0.0441,0.6527,0.0279
Tierney and Tingley 2015,124.5,31.5,44,26,17.7,0.295,0.052,0.035,0.011,0.6,0.007
Tierney and Tingley 2015,125,31.5,48,27,17.7,0.272,0.056,0.04,0.014,0.607,0.011
Tierney and Tingley 2015,122.5,31,18,28,19.7,0.2448,0.0569,0.041,0.015,0.6354,0.007
Tierney and Tingley 2015,122.5,30,18,29,20.2,0.2378,0.0559,0.043,0.016,0.6394,0.008
Tierney and Tingley 2015,124.5,30,68,30,20.5,0.269,0.063,0.047,0.017,0.594,0.01
Tierney and Tingley 2015,123.11,29.47,63,31,20.8,0.2478,0.0629,0.047,0.018,0.6114,0.013
Tierney and Tingley 2015,123.38,29.32,71,32,20.8,0.241,0.063,0.048,0.018,0.615,0.015
Tierney and Tingley 2015,123.8,29.09,77,33,20.8,0.2527,0.0649,0.049,0.018,0.6014,0.014
Tierney and Tingley 2015,122.43,28.29,66,34,21.6,0.241,0.062,0.046,0.017,0.62,0.014
Tierney and Tingley 2015,123.01,33,32,35,16.7,0.39,0.054,0.03,0.01,0.509,0.007
Tierney and Tingley 2015,119.67,35,21,36,13.9,0.387,0.056,0.029,0.011,0.512,0.005
Tierney and Tingley 2015,121,35,37,37,13.9,0.424,0.042,0.019,0.006,0.505,0.004
Tierney and Tingley 2015,123.5,35.01,77,38,15.4,0.428,0.035,0.016,0.005,0.512,0.004
Tierney and Tingley 2015,121.99,36,39,39,15.2,0.432,0.041,0.02,0.005,0.498,0.004
Tierney and Tingley 2015,124.01,33.01,49,40,17.5,0.3197,0.047,0.027,0.009,0.5914,0.006
Tierney and Tingley 2015,124,36,77,41,14.9,0.4625,0.03,0.012,0.004,0.4885,0.003
Tierney and Tingley 2015,125.12,36.92,51,42,13.8,0.471,0.031,0.013,0.004,0.478,0.003
Tierney and Tingley 2015,124.12,36.92,76,43,14.6,0.4635,0.025,0.009,0.004,0.4965,0.002
Tierney and Tingley 2015,-48.05,2.09,65,43,27.8,0.0894,0.0531,0.0761,0.0534,0.7057,0.0224
Tierney and Tingley 2015,123.62,36.92,72,44,14.9,0.521,0.03,0.015,0.005,0.426,0.003
Tierney and Tingley 2015,125.03,35.85,53,45,14.9,0.436,0.027,0.01,0.004,0.519,0.004
Tierney and Tingley 2015,124.03,35.85,77,46,15.2,0.39,0.04,0.023,0.007,0.535,0.005
Tierney and Tingley 2015,121.53,35.85,38,47,15.2,0.391,0.034,0.016,0.005,0.551,0.003
Tierney and Tingley 2015,124.82,34.72,81,48,15.7,0.4264,0.033,0.014,0.004,0.5185,0.004
Tierney and Tingley 2015,123.52,34.72,77,49,16,0.4625,0.034,0.015,0.005,0.4795,0.004
Tierney and Tingley 2015,-45.36,1.64,-999,49,27.4,0.3023,0.0766,0.0766,0.0104,0.5031,0.0311
Tierney and Tingley 2015,121.53,34.72,42,50,15.2,0.39,0.031,0.013,0.004,0.56,0.002
Tierney and Tingley 2015,121.03,34.72,23,51,15.2,0.3666,0.042,0.023,0.006,0.5594,0.003
Tierney and Tingley 2015,125,32.5,58,52,17.8,0.385,0.069,0.044,0.015,0.477,0.01
Tierney and Tingley 2015,125.53,33.57,87,53,18,0.4016,0.0619,0.034,0.012,0.4815,0.009
Tierney and Tingley 2015,124.03,33.57,71,54,17.5,0.421,0.055,0.028,0.006,0.481,0.009
Tierney and Tingley 2015,-44.35,0.66,2372,54,27.4,0.3659,0.064,0.0579,0.0091,0.4787,0.0244
Tierney and Tingley 2015,123.53,33.57,66,55,16.7,0.4494,0.043,0.02,0.007,0.4745,0.006
Tierney and Tingley 2015,122.53,33.57,39,56,15.8,0.3734,0.038,0.019,0.006,0.5596,0.004
Tierney and Tingley 2015,122.03,33.57,24,57,15.8,0.3257,0.046,0.029,0.009,0.5864,0.004
Tierney and Tingley 2015,121.53,33.57,17,58,15.1,0.247,0.053,0.044,0.011,0.641,0.004
Tierney and Tingley 2015,-48.61,4.46,1711,13a,27.4,0.2947,0.0801,0.0883,0.0154,0.4795,0.0421
Tierney and Tingley 2015,-48.61,3.95,640,22b,27.4,0.2995,0.0887,0.0973,0.0171,0.4548,0.0427
Tierney and Tingley 2015,-48.17,3.78,1014,28b,27.4,0.2737,0.0721,0.0792,0.0113,0.5283,0.0354
Tierney and Tingley 2015,-47.64,3.07,1028,32b,27.3,0.272,0.0772,0.0868,0.0127,0.5111,0.0402
Tierney and Tingley 2015,-47.31,3.65,2079,32c,27.3,0.2705,0.0691,0.0763,0.0115,0.5381,0.0345
Tierney and Tingley 2015,-47.74,2.85,609,42b,27.3,0.2693,0.0666,0.0712,0.0155,0.5433,0.0341
Tierney and Tingley 2015,-47.85,2.57,110,42d,27.3,0.1235,0.0671,0.0859,0.0494,0.6459,0.0282
Tierney and Tingley 2015,-46.25,3.39,3375,44c,27.4,0.277,0.0741,0.0748,0.0104,0.5281,0.0356
Tierney and Tingley 2015,-42.74,-1.03,3113,60b,27.1,0.2872,0.0749,0.0769,0.0103,0.519,0.0318
Tierney and Tingley 2015,114.98,21,102,A5,25.8,0.17,0.0597,0.0518,0.0159,0.6826,0.0201
Tierney and Tingley 2015,114.5,21.5,73,A7,25.1,0.1943,0.0548,0.0397,0.0136,0.6863,0.0114
Tierney and Tingley 2015,114,22.01,33,A9,25.1,0.2156,0.0465,0.0297,0.0111,0.69,0.007
Tierney and Tingley 2015,-22.182,-55.278,3926,AII-107-6-17,0.8,0.5008,0.0565,0.0232,0.0054,0.4006,0.0134
Tierney and Tingley 2015,-21.975,-55.27,4119,AII-107-6-18,1,0.4994,0.06,0.0267,0.0046,0.3962,0.0132
Tierney and Tingley 2015,-17.952,-54.857,4119,AII-107-6-20,1.8,0.4539,0.0613,0.0295,0.0065,0.4284,0.0205
Tierney and Tingley 2015,-8.718,-54.857,3255,AII-107-6-24,0.8,0.5112,0.0676,0.0207,0.0032,0.3883,0.0091
Tierney and Tingley 2015,-3.518,-54.753,2921,AII-107-6-27,0.7,0.5152,0.0698,0.0209,0.0042,0.3832,0.0068
Tierney and Tingley 2015,7.763,-47.535,2473,AII-107-6-70,5.3,0.4745,0.0658,0.0303,0.0053,0.4134,0.0106
Tierney and Tingley 2015,8.008,-46.822,2270,AII-107-6-72,6.5,0.4833,0.0662,0.032,0.0052,0.4039,0.0096
Tierney and Tingley 2015,-3.33,-54.792,2768,AII-GGC-22,0.7,0.5461,0.0608,0.0197,0.0034,0.3622,0.0078
Tierney and Tingley 2015,7.542,-46.875,2517,AII-GGC-28,6.1,0.5143,0.06,0.0249,0.0031,0.3896,0.0081
Tierney and Tingley 2015,-32.498,-56.195,3223,AII-GGC-9,1,0.5326,0.0502,0.0167,0.0032,0.39,0.0072
Tierney and Tingley 2015,34.572,28.535,963,All-093-19-96,25.3,0.1332,0.057,0.0874,0.0257,0.6258,0.071
Tierney and Tingley 2015,140.237,-63.855,3726,AMR-1,-0.4,0.5512,0.0341,0.0123,0.0028,0.3872,0.0124
Tierney and Tingley 2015,139.978,-64.658,2948,AMR-2,-0.2,0.5317,0.0322,0.011,0.0028,0.4109,0.0113
Tierney and Tingley 2015,-21.688,50.865,3547,BOFS 5K 0-1,12.8,0.4118,0.0705,0.0414,0.0051,0.4522,0.0189
Tierney and Tingley 2015,-22.04,52.5,4045,BOFS 8K 0-1,12.3,0.4591,0.0754,0.0396,0.0064,0.4033,0.0162
Tierney and Tingley 2015,74.0033,75.4019,50,BP00-02,1.4,0.4733,0.023,0.0092,0.0054,0.4846,0.0045
Tierney and Tingley 2015,77.9598,75.7085,68,BP00-26,1.8,0.4866,0.0212,0.0084,0.0047,0.475,0.0039
Tierney and Tingley 2015,81.9632,76.9618,66,BP00-36/04,1.1,0.4956,0.0206,0.009,0.0056,0.4655,0.0037
Tierney and Tingley 2015,73.2385,73.1968,20,BP00-38,1.7,0.4699,0.0278,0.0107,0.0075,0.4794,0.0048
Tierney and Tingley 2015,75.8825,76.2156,111,BP01-61,1,0.489,0.0213,0.0101,0.0061,0.4694,0.0042
Tierney and Tingley 2015,79.0245,74.0007,30,BP97-19,2.3,0.4749,0.0222,0.0072,0.0049,0.4865,0.0042
Tierney and Tingley 2015,81.4812,72.0932,10,BP97-32,1.7,0.5341,0.0683,0.0264,0.015,0.346,0.0102
Tierney and Tingley 2015,80.3287,72.5087,14,BP97-35,1.7,0.4968,0.0465,0.015,0.0106,0.4235,0.0075
Tierney and Tingley 2015,79.9175,73.536,40,BP97-39,1.7,0.4759,0.023,0.0075,0.0063,0.4828,0.0046
Tierney and Tingley 2015,73.7485,72.5835,18,BP97-47,3.3,0.4965,0.0358,0.0139,0.0097,0.4392,0.0049
Tierney and Tingley 2015,72.8947,73.2095,29,BP97-49,1.5,0.4828,0.0245,0.0088,0.0071,0.4716,0.0053
Tierney and Tingley 2015,72.9513,73.611,28,BP97-50,1.5,0.4912,0.0224,0.0065,0.0061,0.4691,0.0046
Tierney and Tingley 2015,72.662,74.0003,30,BP97-52,2,0.4835,0.0209,0.0066,0.0065,0.4772,0.0053
Tierney and Tingley 2015,79.9897,72.9295,35,BP99-08,1.7,0.474,0.0293,0.012,0.0067,0.4721,0.0059
Tierney and Tingley 2015,78,74.4973,36,BP99-13,3.4,0.4697,0.0199,0.0079,0.0049,0.494,0.0036
Tierney and Tingley 2015,74,72.333,35,BP99-18,3.3,0.4941,0.0457,0.0186,0.011,0.4258,0.0048
Tierney and Tingley 2015,74.1858,72.189,35,BP99-19,3.3,0.4859,0.0464,0.0213,0.0103,0.4297,0.0064
Tierney and Tingley 2015,74.7317,72.5135,35,BP99-20,3.3,0.4871,0.034,0.0137,0.0082,0.4524,0.0046
Tierney and Tingley 2015,73.996,74.001,35,BP99-25,3.6,0.4646,0.0232,0.0079,0.0067,0.4926,0.0049
Tierney and Tingley 2015,79.761,72.486,35,BP99-31,1.7,0.4764,0.0375,0.015,0.0082,0.457,0.0059
Tierney and Tingley 2015,79.954,73.1345,35,BP99-32,1.7,0.4773,0.0249,0.0099,0.0061,0.4778,0.004
Tierney and Tingley 2015,78.334,74.3008,29,BP99-35,2.4,0.46,0.0202,0.0055,0.0055,0.5034,0.0055
Tierney and Tingley 2015,74.3342,74.3005,35,BP99-37,2.9,0.4788,0.0227,0.0076,0.0065,0.4791,0.0053
Tierney and Tingley 2015,29.5,45.5,27,BS 01E-27,13.3,0.4482,0.0434,0.0254,0.0116,0.4596,0.0118
Tierney and Tingley 2015,32,45,105,BS 02E-105,13.4,0.3918,0.0361,0.0134,0.0053,0.5428,0.0107
Tierney and Tingley 2015,30,44.5,114,BS 04E-114,13.8,0.3767,0.0369,0.0147,0.0061,0.5565,0.0091
Tierney and Tingley 2015,30.5,44,564,BS 05E-564,14.4,0.4058,0.0328,0.015,0.0035,0.5319,0.0109
Tierney and Tingley 2015,35,44.5,335,BS 06E-335,14.8,0.3819,0.0332,0.0175,0.0035,0.5527,0.0111
Tierney and Tingley 2015,34,44,1288,BS 07E-1288,14.2,0.4148,0.0306,0.0141,0.0038,0.529,0.0078
Tierney and Tingley 2015,34,45.5,2129,BS 09E-2129,14.1,0.365,0.0368,0.0218,0.0055,0.5582,0.0128
Tierney and Tingley 2015,14.712,54.621,47,S2  Arkona bas,8.9,0.3462,0.0186,0.0065,0.0035,0.6216,0.0035
Tierney and Tingley 2015,16.712,55.621,66,BS3,8.4,0.4688,0.0233,0.0078,0.0029,0.4936,0.0036
Tierney and Tingley 2015,19.712,57.621,115,S4 Gotland dee,7.8,0.4519,0.018,0.0066,0.0026,0.5173,0.0036
Tierney and Tingley 2015,20.712,57.621,240,S5 Gotland dee,7.8,0.4333,0.0216,0.0072,0.0022,0.5319,0.0037
Tierney and Tingley 2015,20.712,58.621,175,S6 Baltic prop,7.7,0.4062,0.0218,0.0077,0.0021,0.558,0.0042
Tierney and Tingley 2015,21.75,71.721,360,BS625,6.6,0.5419,0.0398,0.0117,0.0053,0.3975,0.0038
Tierney and Tingley 2015,24.048,72.322,264,BS627,5.9,0.5492,0.0329,0.0092,0.0042,0.4016,0.003
Tierney and Tingley 2015,24.251,73,404,BS629,5,0.5574,0.0261,0.0077,0.0037,0.4023,0.0028
Tierney and Tingley 2015,24.46,73.663,451,BS631,5,0.5517,0.0195,0.0057,0.0031,0.4178,0.0023
Tierney and Tingley 2015,24.683,74.331,373,BS633,2.9,0.5591,0.0189,0.006,0.0033,0.4106,0.0021
Tierney and Tingley 2015,24.938,75.001,182,BS635,0.5,0.4776,0.0135,0.0043,0.0029,0.4994,0.0022
Tierney and Tingley 2015,27.893,75.563,263,BS639,1.8,0.4971,0.0142,0.0045,0.0029,0.4794,0.0018
Tierney and Tingley 2015,29.905,76.486,291,BS643,0.7,0.5258,0.0148,0.0043,0.0026,0.4504,0.0021
Tierney and Tingley 2015,29.45,75.853,296,BS645,2.1,0.5124,0.0145,0.0044,0.0027,0.464,0.002
Tierney and Tingley 2015,29,75.201,343,BS647,2,0.5067,0.0153,0.0047,0.0028,0.4683,0.0023
Tierney and Tingley 2015,28.566,74.535,394,BS649,3.8,0.55,0.0172,0.0052,0.003,0.4225,0.002
Tierney and Tingley 2015,26.065,74.63,317,BS651,3.7,0.5596,0.0176,0.0053,0.0031,0.4126,0.0017
Tierney and Tingley 2015,25.798,73.972,441,BS653,4.8,0.5515,0.0198,0.0058,0.0031,0.4178,0.0021
Tierney and Tingley 2015,25.532,73.297,412,BS655,4.8,0.5642,0.0242,0.0068,0.0034,0.3991,0.0022
Tierney and Tingley 2015,25.269,72.634,268,BS657,5.7,0.5486,0.0281,0.0091,0.0042,0.4072,0.0028
Tierney and Tingley 2015,25.047,71.972,256,BS659,6.2,0.5421,0.0341,0.0104,0.0047,0.4057,0.0029
Tierney and Tingley 2015,22.758,71.371,408,BS661,6.4,0.5258,0.0389,0.0118,0.0053,0.4145,0.0037
Tierney and Tingley 2015,28.399,72.167,289,BS665,5.4,0.5436,0.0282,0.0085,0.0042,0.4126,0.0031
Tierney and Tingley 2015,28.754,72.832,305,BS667,5.4,0.5681,0.0274,0.0084,0.0037,0.3898,0.0026
Tierney and Tingley 2015,29.146,73.501,414,BS669,4.7,0.5527,0.021,0.0062,0.0032,0.4143,0.0025
Tierney and Tingley 2015,-1.315,62.643,1702,BS671,8.6,0.5431,0.019,0.0057,0.0032,0.4267,0.0024
Tierney and Tingley 2015,32.49,74.667,165,BS673,2.9,0.4712,0.0125,0.0042,0.003,0.5069,0.0022
Tierney and Tingley 2015,33.069,75.315,209,BS675,2.1,0.4798,0.0127,0.0042,0.003,0.4977,0.0025
Tierney and Tingley 2015,33.733,75.967,276,BS677,2.1,0.5127,0.0148,0.0048,0.0029,0.4624,0.0025
Tierney and Tingley 2015,34.45,76.617,193,BS679,0.2,0.5107,0.0158,0.0047,0.003,0.4639,0.0019
Tierney and Tingley 2015,37.167,76.433,249,BS681,0.7,0.5306,0.0154,0.0046,0.0027,0.4445,0.0021
Tierney and Tingley 2015,30.947,71.013,283,BS690,5.8,0.5295,0.0234,0.007,0.0035,0.4339,0.0028
Tierney and Tingley 2015,31.712,70.621,252,BS692,5.5,0.5183,0.0256,0.0078,0.0037,0.4415,0.003
Tierney and Tingley 2015,18.712,58.621,466,31 Landsort de,7.3,0.4429,0.0215,0.0082,0.0025,0.5211,0.0038
Tierney and Tingley 2015,17.712,58.621,54,Landsort dee,7.3,0.4957,0.0233,0.0073,0.0028,0.4676,0.0034
Tierney and Tingley 2015,15.712,55.621,89,BY5 Bornholm,8.4,0.4313,0.0234,0.0085,0.0028,0.5308,0.0032
Tierney and Tingley 2015,-65.6,10.667,,Cariaco Basin,26.6,0.1624,0.0651,0.0937,0.0237,0.6034,0.0516
Tierney and Tingley 2015,-128,46.75,2700,CB1 MC15,12.2,0.434,0.0846,0.0547,0.0035,0.4062,0.0169
Tierney and Tingley 2015,-125.833,46.767,2700,CB2 MC19,12.4,0.4052,0.0704,0.0466,0.0037,0.4606,0.0135
Tierney and Tingley 2015,40.167,17.65,1470,CHN-043-1-4,29.3,0.0894,0.0411,0.1019,0.0264,0.6366,0.1047
Tierney and Tingley 2015,40.167,17.65,1296,CHN-043-1-5,29.3,0.1397,0.0478,0.0931,0.0256,0.6034,0.0904
Tierney and Tingley 2015,5.33,-51,3788,CHN-115-4-34,2.4,0.4471,0.0779,0.0337,0.0109,0.4201,0.0103
Tierney and Tingley 2015,0.1,-53.6,2643,CHN-115-4-35,0.7,0.5434,0.061,0.0192,0.0039,0.3655,0.0069
Tierney and Tingley 2015,0.08,-54.592,1260,CHN-115-4-43,-0.1,0.4461,0.0578,0.0334,0.0096,0.4461,0.007
Tierney and Tingley 2015,-58.712,46.621,370,CL03-35 BC,6.3,0.4682,0.034,0.0127,0.0032,0.4773,0.0047
Tierney and Tingley 2015,17.9736,-30.197,242,D357 St. 0,15.7,0.4141,0.0584,0.0268,0.0096,0.4683,0.0228
Tierney and Tingley 2015,17.0363,-34.6213,2620,D357 St. 1,17.9,0.3988,0.0759,0.0503,0.0078,0.4456,0.0217
Tierney and Tingley 2015,7.6704,-39.2945,5269,D357 St. 11,12.8,0.3716,0.0713,0.0544,0.0088,0.4631,0.0307
Tierney and Tingley 2015,17.5695,-34.3878,1168,D357 St. 13,17.9,0.399,0.0399,0.0267,0.005,0.516,0.0133
Tierney and Tingley 2015,13.1091,-36.4956,4900,D357 St. 3,18,0.3508,0.0783,0.0623,0.0086,0.4705,0.0295
Tierney and Tingley 2015,0.9075,-40.0032,4928,D357 St. 6,11.3,0.412,0.0783,0.0462,0.0044,0.4412,0.018
Tierney and Tingley 2015,17.9736,-34.3263,733,D357 St. 8,17.9,0.3792,0.0549,0.0283,0.0069,0.5121,0.0186
Tierney and Tingley 2015,-58.712,46.621,18,DNT05-22 BEN,6.3,0.4634,0.0432,0.0123,0.005,0.4733,0.0029
Tierney and Tingley 2015,10.423,59.633,100,mmensfjord D,9.1,0.4901,0.0251,0.0099,0.0035,0.467,0.0043
Tierney and Tingley 2015,10.396,59.668,100,rammensfjord,9.1,0.4948,0.0346,0.0172,0.004,0.4445,0.0049
Tierney and Tingley 2015,10.423,59.633,110,rammensfjord,9.1,0.4901,0.0251,0.0099,0.0035,0.467,0.0043
Tierney and Tingley 2015,-4.032,62.956,2060,ENAM9407,8,0.528,0.0321,0.0098,0.0035,0.4216,0.0049
Tierney and Tingley 2015,4.5,53.7,34,Frisian Front,10.6,0.4632,0.0393,0.0171,0.0058,0.471,0.0034
Tierney and Tingley 2015,123.595,-9.003,-999,G2-85 7 0-1,28.1,0.242,0.0689,0.0672,0.0181,0.5573,0.0464
Tierney and Tingley 2015,123.64,-8.99,-999,G2-85 pist 0-1,28.1,0.2343,0.0718,0.072,0.0195,0.5564,0.0459
Tierney and Tingley 2015,123.592,-9.343,2720,G2-9 box 0-1,28.1,0.2236,0.0732,0.0777,0.0195,0.5465,0.0595
Tierney and Tingley 2015,123.592,-9.34,2720,G2-9 trp 0-1,28.1,0.2023,0.0696,0.0813,0.0179,0.5764,0.0524
Tierney and Tingley 2015,117.193,-10.152,1182,G6-3 0-1,28.3,0.2366,0.0663,0.0781,0.0148,0.5488,0.0553
Tierney and Tingley 2015,96.66,1.597,1900,GeoB10016-2,28.7,0.2172,0.0643,0.0942,0.0177,0.5573,0.0494
Tierney and Tingley 2015,99.521,-0.944,1641,GeoB10026-2,28.7,0.2074,0.0763,0.1012,0.0184,0.5411,0.0556
Tierney and Tingley 2015,99.681,-1.667,1758,GeoB10032-1,28.7,0.2145,0.0729,0.0941,0.0179,0.5477,0.053
Tierney and Tingley 2015,101.499,-4.165,995,GeoB10034-3,28.2,0.2311,0.0734,0.0933,0.017,0.5364,0.0488
Tierney and Tingley 2015,103.246,-5.937,1891,GeoB10038-3,27.6,0.2877,0.0702,0.0831,0.014,0.503,0.0419
Tierney and Tingley 2015,102.859,-6.476,2605,GeoB10040-3,27.9,0.2899,0.0724,0.0829,0.0143,0.4977,0.0427
Tierney and Tingley 2015,104.643,-7.113,2457,GeoB10042-2,28,0.2477,0.071,0.0803,0.0187,0.5368,0.0455
Tierney and Tingley 2015,17.467,40,1186,GeoB10701-4,18.9,0.285,0.074,0.08,0.015,0.515,0.031
Tierney and Tingley 2015,17.742,40,277,GeoB10703-3,18.9,0.356,0.054,0.04,0.01,0.509,0.03
Tierney and Tingley 2015,17.833,40,219,GeoB10704-3,18.9,0.356,0.062,0.038,0.013,0.521,0.01
Tierney and Tingley 2015,17.913,39.853,128,GeoB10705-3,18.9,0.354,0.062,0.039,0.011,0.525,0.009
Tierney and Tingley 2015,17.583,39.783,1598,GeoB10707-4,18.9,0.295,0.064,0.064,0.011,0.54,0.026
Tierney and Tingley 2015,17.733,39.808,686,GeoB10708-3,18.9,0.306,0.07,0.061,0.011,0.533,0.02
Tierney and Tingley 2015,17.893,39.757,173,GeoB10709-4,18.9,0.363,0.059,0.036,0.01,0.516,0.016
Tierney and Tingley 2015,17.683,39.592,2040,GeoB10710-4,18.9,0.298,0.067,0.065,0.011,0.527,0.031
Tierney and Tingley 2015,17.8,39.683,1049,GeoB10711-3,18.9,0.293,0.073,0.067,0.014,0.52,0.035
Tierney and Tingley 2015,17.862,39.727,618,GeoB10712-3,18.9,0.328,0.063,0.054,0.012,0.519,0.024
Tierney and Tingley 2015,18.283,39.692,127,GeoB10713-3,18.9,0.37,0.059,0.039,0.014,0.507,0.012
Tierney and Tingley 2015,18.283,39.64,207,GeoB10714-3,18.9,0.34,0.066,0.044,0.012,0.521,0.017
Tierney and Tingley 2015,18.283,39.559,697,GeoB10715-3,18.9,0.274,0.078,0.066,0.014,0.537,0.03
Tierney and Tingley 2015,18.283,39.345,1328,GeoB10716-3,18.9,0.275,0.071,0.076,0.011,0.523,0.044
Tierney and Tingley 2015,18.08,39.742,96,GeoB10717-3,18.9,0.359,0.063,0.036,0.013,0.524,0.005
Tierney and Tingley 2015,18.058,39.693,219,GeoB10718-3,18.9,0.347,0.066,0.039,0.013,0.525,0.01
Tierney and Tingley 2015,18.042,39.653,616,GeoB10719-3,18.9,0.302,0.068,0.055,0.013,0.528,0.034
Tierney and Tingley 2015,17.978,39.507,1387,GeoB10720-5,18.9,0.253,0.095,0.087,0.012,0.503,0.051
Tierney and Tingley 2015,16.767,42.166,203,GeoB10721-3,18.1,0.34,0.069,0.046,0.013,0.516,0.015
Tierney and Tingley 2015,16.5,42.167,142,GeoB10722-3,18.1,0.371,0.069,0.037,0.012,0.503,0.008
Tierney and Tingley 2015,16,42.167,114,GeoB10723-3,17.8,0.375,0.058,0.029,0.011,0.51,0.017
Tierney and Tingley 2015,16.217,42.001,50,GeoB10724-3,18.1,0.387,0.052,0.023,0.01,0.51,0.018
Tierney and Tingley 2015,16.216,42.05,94,GeoB10725-3,18.1,0.403,0.048,0.021,0.009,0.507,0.011
Tierney and Tingley 2015,16.717,42,183,GeoB10726-3,18.1,0.382,0.051,0.024,0.008,0.526,0.009
Tierney and Tingley 2015,16.617,41.801,101,GeoB10727-3,18.1,0.373,0.067,0.029,0.01,0.511,0.01
Tierney and Tingley 2015,16.858,41.783,194,GeoB10728-3,18.1,0.351,0.072,0.048,0.013,0.496,0.02
Tierney and Tingley 2015,17.191,41.647,712,GeoB10729-4,18.1,0.305,0.071,0.057,0.014,0.525,0.029
Tierney and Tingley 2015,17.05,41.5,183,GeoB10730-3,18.1,0.326,0.073,0.048,0.013,0.527,0.012
Tierney and Tingley 2015,16.658,41.5,96,GeoB10731-3,18.1,0.377,0.055,0.027,0.009,0.523,0.01
Tierney and Tingley 2015,16.407,41.5,51,GeoB10732-3,18.1,0.376,0.046,0.019,0.007,0.549,0.003
Tierney and Tingley 2015,16.225,41.5,22,GeoB10733-3,18.1,0.379,0.055,0.029,0.01,0.522,0.006
Tierney and Tingley 2015,16.242,41.667,18,GeoB10734-3,18.1,0.382,0.044,0.021,0.008,0.54,0.005
Tierney and Tingley 2015,17.308,41.5,733,GeoB10735-3,18.1,0.305,0.07,0.059,0.012,0.528,0.025
Tierney and Tingley 2015,18.192,40.758,123,GeoB10736-3,18.8,0.356,0.062,0.035,0.011,0.524,0.013
Tierney and Tingley 2015,18.329,40.625,113,GeoB10737-3,18.8,0.37,0.06,0.034,0.01,0.515,0.01
Tierney and Tingley 2015,18.467,40.546,112,GeoB10738-3,18.8,0.357,0.061,0.035,0.013,0.511,0.023
Tierney and Tingley 2015,18.642,40.5,565,GeoB10739-3,18.8,0.324,0.07,0.051,0.011,0.521,0.023
Tierney and Tingley 2015,18.583,40.392,128,GeoB10740-3,18.9,0.345,0.062,0.037,0.012,0.531,0.011
Tierney and Tingley 2015,18.667,40.233,287,GeoB10741-3,18.9,0.352,0.063,0.039,0.011,0.521,0.013
Tierney and Tingley 2015,18.776,39.716,599,GeoB10742-3,18.9,0.3,0.07,0.059,0.012,0.534,0.024
Tierney and Tingley 2015,18.642,39.825,124,GeoB10743-3,18.9,0.346,0.061,0.04,0.014,0.539,0
Tierney and Tingley 2015,18.6,39.85,117,GeoB10744-3,18.9,0.341,0.063,0.038,0.012,0.535,0.011
Tierney and Tingley 2015,16.758,39.908,157,GeoB10746-3,18.9,0.338,0.062,0.037,0.011,0.539,0.014
Tierney and Tingley 2015,16.975,39.725,246,GeoB10747-3,18.9,0.323,0.064,0.041,0.013,0.54,0.018
Tierney and Tingley 2015,17.05,39.667,288,GeoB10748-3,18.9,0.328,0.065,0.05,0.012,0.53,0.016
Tierney and Tingley 2015,17.183,39.6,278,GeoB10749-3,18.9,0.308,0.07,0.049,0.012,0.533,0.027
Tierney and Tingley 2015,-32.012,-3.682,4258,GeoB1501-1,27.3,0.3144,0.0844,0.0815,0.0081,0.4764,0.0351
Tierney and Tingley 2015,-30.648,2.31,2298,GeoB1503-2,27.6,0.3162,0.0822,0.0802,0.0082,0.4808,0.0323
Tierney and Tingley 2015,-31.287,2.288,2980,GeoB1504-1,27.5,0.3121,0.0806,0.0769,0.0082,0.4872,0.035
Tierney and Tingley 2015,-35.182,2.205,4267,GeoB1506-1,27.6,0.3076,0.0823,0.0772,0.0078,0.4888,0.0364
Tierney and Tingley 2015,-43.665,4.238,3125,GeoB1515-2,27.6,0.2972,0.0815,0.0797,0.0101,0.4949,0.0367
Tierney and Tingley 2015,-20.908,-34.435,4016,GeoB2022-3,18.6,0.365,0.0852,0.0687,0.0081,0.4466,0.0263
Tierney and Tingley 2015,-41.2,-23.983,1805,GeoB2102-1,23.5,0.2721,0.0665,0.0771,0.0113,0.5377,0.0353
Tierney and Tingley 2015,-46.378,-27.29,1505,GeoB2104-1,23.7,0.2617,0.0694,0.0823,0.0114,0.5358,0.0394
Tierney and Tingley 2015,-46.738,-26.738,202,GeoB2105-3,23.9,0.2664,0.0732,0.0655,0.0155,0.5539,0.0254
Tierney and Tingley 2015,-46.497,-27.098,502,GeoB2106-1,23.7,0.2959,0.0673,0.0659,0.0116,0.5305,0.0287
Tierney and Tingley 2015,-46.457,-27.18,1052,GeoB2107-5,23.7,0.2723,0.0701,0.0783,0.0116,0.5336,0.034
Tierney and Tingley 2015,-46.23,-27.487,1991,GeoB2108-1,23.7,0.291,0.0743,0.0832,0.0112,0.5028,0.0375
Tierney and Tingley 2015,-45.522,-28.65,3003,GeoB2110-1,23.5,0.2828,0.0708,0.0856,0.0099,0.5122,0.0387
Tierney and Tingley 2015,-45.223,-29.112,3498,GeoB2111-2,22.8,0.2889,0.0728,0.0821,0.0091,0.5099,0.0373
Tierney and Tingley 2015,-43.377,-29.135,4009,GeoB2112-1,22.1,0.2884,0.0715,0.0768,0.0085,0.5167,0.038
Tierney and Tingley 2015,-39.56,-20.958,2003,GeoB2124-1,25.7,0.2759,0.0677,0.0842,0.0104,0.5269,0.0349
Tierney and Tingley 2015,-39.857,-20.82,1542,GeoB2125-2,25.7,0.275,0.0652,0.0749,0.0116,0.5395,0.0339
Tierney and Tingley 2015,-38.933,-21.27,2537,GeoB2126-1,25.5,0.2909,0.0713,0.0872,0.0114,0.5001,0.0391
Tierney and Tingley 2015,-37.103,-20.615,2113,GeoB2130-1,26,0.2993,0.0748,0.0931,0.0179,0.4775,0.0375
Tierney and Tingley 2015,-34.463,-8.168,794,GeoB2201-1,27.3,0.2506,0.0651,0.086,0.0175,0.5453,0.0355
Tierney and Tingley 2015,-34.263,-8.197,1128,GeoB2202-5,27.3,0.2394,0.0902,0.1557,0.017,0.4646,0.0331
Tierney and Tingley 2015,-34.345,-8.573,1790,GeoB2205-4,27.3,0.2596,0.073,0.0907,0.0098,0.5291,0.0378
Tierney and Tingley 2015,-34.48,-8.558,1442,GeoB2206-1,27.3,0.2633,0.0712,0.0948,0.0125,0.5182,0.0399
Tierney and Tingley 2015,-34.135,-8.735,2585,GeoB2207-2,27.3,0.2739,0.0812,0.0915,0.0084,0.5085,0.0365
Tierney and Tingley 2015,-33.7,-8.917,3977,GeoB2208-1,27.3,0.3274,0.082,0.0749,0.0062,0.4784,0.0311
Tierney and Tingley 2015,-25.623,-4.032,5521,GeoB2212-1,26.7,0.3427,0.0851,0.0742,0.006,0.4574,0.0346
Tierney and Tingley 2015,-24.153,-1.265,4323,GeoB2213-1,26.6,0.3134,0.0815,0.0733,0.0072,0.4908,0.0339
Tierney and Tingley 2015,-23.492,0.008,3712,GeoB2215-8,26.7,0.3102,0.0802,0.0721,0.008,0.4944,0.035
Tierney and Tingley 2015,-23.102,0,3914,GeoB2216-2,26.5,0.2957,0.0806,0.0734,0.0076,0.5073,0.0353
Tierney and Tingley 2015,-53.982,-37.207,1007,GeoB2701-4,16.5,0.4195,0.0191,0.0068,0.0027,0.5476,0.0043
Tierney and Tingley 2015,-54.202,-38.513,1162,GeoB2703-7,12.4,0.4874,0.0398,0.0176,0.0039,0.4446,0.0068
Tierney and Tingley 2015,-53.363,-39.243,4474,GeoB2705-7,14.6,0.4707,0.0557,0.0293,0.0046,0.4292,0.0106
Tierney and Tingley 2015,-55.535,-42.368,4700,GeoB2706-6,11.2,0.4808,0.0622,0.0283,0.0039,0.4142,0.0107
Tierney and Tingley 2015,-56.323,-41.945,3167,GeoB2707-4,9.3,0.499,0.0543,0.022,0.0032,0.414,0.0075
Tierney and Tingley 2015,-57.3,-41.418,392,GeoB2708-5,9,0.4296,0.0198,0.0067,0.0026,0.5367,0.0045
Tierney and Tingley 2015,-59.33,-43.675,1228,GeoB2712-1,9.7,0.5234,0.041,0.0151,0.0031,0.4127,0.0047
Tierney and Tingley 2015,-57.997,-43.863,2361,GeoB2714-5,9.9,0.4995,0.0566,0.0223,0.0032,0.4111,0.0073
Tierney and Tingley 2015,-57.662,-43.903,3280,GeoB2715-1,9.9,0.5117,0.0607,0.0291,0.0035,0.3875,0.0074
Tierney and Tingley 2015,-56.487,-47.162,4479,,8.7,0.4928,0.0606,0.0248,0.0032,0.4093,0.0094
Tierney and Tingley 2015,-58.175,-47.307,2990,,7.7,0.4872,0.0603,0.0261,0.0035,0.4151,0.0077
Tierney and Tingley 2015,-60.093,-47.442,684,,8.2,0.5404,0.0342,0.011,0.003,0.4074,0.004
Tierney and Tingley 2015,-58.62,-47.327,2351,,7.7,0.5004,0.0613,0.0291,0.0035,0.3992,0.0065
Tierney and Tingley 2015,-57.875,-48.912,569,,7.3,0.5261,0.0325,0.0108,0.0031,0.4232,0.0044
Tierney and Tingley 2015,-56.175,-47.963,4799,,8.7,0.4948,0.0636,0.0262,0.0032,0.4035,0.0087
Tierney and Tingley 2015,-56.538,-48.013,2803,,7,0.4921,0.0592,0.0243,0.0035,0.413,0.008
Tierney and Tingley 2015,-53.248,-44.475,5817,,12.4,0.4738,0.0557,0.0254,0.0035,0.4314,0.0102
Tierney and Tingley 2015,-51.423,-44.207,5691,,13.2,0.4615,0.0566,0.0267,0.004,0.4393,0.012
Tierney and Tingley 2015,-54.342,-39.29,2272,,11.3,0.4995,0.0472,0.0191,0.0032,0.4247,0.0063
Tierney and Tingley 2015,-55.015,-37.807,576,,13.3,0.4961,0.0324,0.014,0.0034,0.4481,0.006
Tierney and Tingley 2015,-53.703,-37.407,1162,,16.5,0.4737,0.0377,0.0183,0.0039,0.4586,0.0078
Tierney and Tingley 2015,-53.537,-37.537,1836,,16.5,0.4645,0.0421,0.0229,0.0042,0.4577,0.0087
Tierney and Tingley 2015,-53.443,-37.605,2743,,16.5,0.4531,0.0447,0.0249,0.0043,0.4629,0.0101
Tierney and Tingley 2015,-53.137,-37.832,3542,,16.5,0.4456,0.0491,0.0308,0.0052,0.4567,0.0126
Tierney and Tingley 2015,-51.522,-36.332,3539,,19.6,0.4045,0.0532,0.0395,0.0061,0.4803,0.0163
Tierney and Tingley 2015,-51.978,-35.98,2909,,19.7,0.3929,0.0493,0.0382,0.0065,0.4964,0.0166
Tierney and Tingley 2015,-52.27,-35.753,1789,,17.1,0.4131,0.0395,0.0261,0.0052,0.5033,0.0128
Tierney and Tingley 2015,-52.387,-35.602,1041,,17.1,0.4058,0.0261,0.0137,0.0038,0.5438,0.0069
Tierney and Tingley 2015,-52.562,-35.532,508,,17.1,0.4318,0.0238,0.011,0.0037,0.5242,0.0056
Tierney and Tingley 2015,-40.97,-31.902,3959,,20.6,0.3201,0.0763,0.0744,0.0077,0.4886,0.0329
Tierney and Tingley 2015,-38.17,-30.873,3110,,22,0.314,0.077,0.078,0.008,0.4916,0.0314
Tierney and Tingley 2015,-38.343,-30.848,3435,,22,0.3167,0.0783,0.0765,0.0089,0.4847,0.0349
Tierney and Tingley 2015,-38.438,-30.822,3606,,22,0.3145,0.0813,0.0815,0.0078,0.4836,0.0312
Tierney and Tingley 2015,-38.817,-30.453,3936,,22,0.3173,0.0785,0.0759,0.0079,0.4876,0.0328
Tierney and Tingley 2015,-42.498,-33.498,4512,,20.4,0.3785,0.0674,0.0502,0.0068,0.4759,0.0212
Tierney and Tingley 2015,-41.432,-32.5,4352,,20.2,0.3717,0.0665,0.0514,0.0071,0.4784,0.0249
Tierney and Tingley 2015,-38.073,-30.915,2943,,22,0.3309,0.0693,0.0657,0.0081,0.4953,0.0307
Tierney and Tingley 2015,-40.728,-31.478,3702,,20.6,0.3176,0.0737,0.0723,0.0078,0.494,0.0346
Tierney and Tingley 2015,-40.718,-31.475,3741,,20.6,0.3088,0.075,0.0745,0.0079,0.5013,0.0325
Tierney and Tingley 2015,-43.43,-30.873,3523,,21,0.3037,0.0736,0.0781,0.0087,0.5005,0.0354
Tierney and Tingley 2015,-44,-29.02,3815,,21.9,0.2946,0.0728,0.0808,0.0081,0.5072,0.0364
Tierney and Tingley 2015,-22.757,-39.743,3878,,14.1,0.4372,0.0705,0.0388,0.0065,0.4328,0.0142
Tierney and Tingley 2015,-23.465,-41.506,4223,,13,0.4527,0.0684,0.0332,0.0047,0.4286,0.0123
Tierney and Tingley 2015,-21.853,-42,3863,,13.6,0.4499,0.0674,0.0338,0.0051,0.429,0.0148
Tierney and Tingley 2015,-20.784,-42,3514,,11.3,0.4576,0.0699,0.0346,0.005,0.4212,0.0117
Tierney and Tingley 2015,-19.5,-42.045,3384,,11.5,0.471,0.0684,0.0312,0.0043,0.4148,0.0103
Tierney and Tingley 2015,-20.441,-43.614,3797,,10.5,0.4704,0.0667,0.0294,0.0042,0.4186,0.0106
Tierney and Tingley 2015,-21.717,-44.507,4296,,9.6,0.5015,0.0642,0.0262,0.0034,0.3966,0.0081
Tierney and Tingley 2015,-21.717,-44.507,4296,,9.6,0.4709,0.0599,0.0316,0.0054,0.4166,0.0156
Tierney and Tingley 2015,-20.9,-44.517,4038,,9.8,0.4789,0.0648,0.0274,0.0034,0.4164,0.0091
Tierney and Tingley 2015,-17.647,-44.254,3475,,9.4,0.4968,0.057,0.0255,0.004,0.408,0.0087
Tierney and Tingley 2015,-17.34,-44.207,3768,,9.4,0.4786,0.0627,0.0271,0.0038,0.4189,0.009
Tierney and Tingley 2015,-13.07,-43.999,3830,,11,0.4871,0.0637,0.0288,0.0037,0.4077,0.0092
Tierney and Tingley 2015,-18.163,-39.955,3525,,13.4,0.4519,0.0693,0.0381,0.0059,0.4209,0.0138
Tierney and Tingley 2015,-21.042,-39.093,4024,,14.2,0.4224,0.0719,0.0401,0.0063,0.4443,0.015
Tierney and Tingley 2015,-21.535,-38.427,4126,,13.3,0.4194,0.0723,0.0417,0.0068,0.443,0.0169
Tierney and Tingley 2015,-21.864,-37.774,3568,,18.5,0.4392,0.0685,0.0436,0.009,0.4231,0.0166
Tierney and Tingley 2015,-22.148,-37.158,3998,,17.5,0.3929,0.0761,0.0488,0.0072,0.4567,0.0182
Tierney and Tingley 2015,-22.445,-36.448,4216,,16.4,0.3914,0.0745,0.0493,0.0083,0.4551,0.0214
Tierney and Tingley 2015,-22.733,-35.707,3972,,18.6,0.3763,0.0795,0.0581,0.0088,0.4554,0.0218
Tierney and Tingley 2015,-22.992,-35.253,3963,,18.6,0.3667,0.0766,0.057,0.009,0.4665,0.0241
Tierney and Tingley 2015,-23.276,-34.608,3820,,18.2,0.3562,0.077,0.0589,0.009,0.4729,0.0259
Tierney and Tingley 2015,-23.588,-33.825,4352,,19.7,0.3454,0.0798,0.0652,0.0086,0.4724,0.0286
Tierney and Tingley 2015,-24.024,-33.499,4381,,20,0.3397,0.0777,0.0655,0.0074,0.4826,0.0271
Tierney and Tingley 2015,-24.248,-33.182,4491,,20,0.3413,0.0762,0.0674,0.0072,0.4804,0.0274
Tierney and Tingley 2015,-24.248,-32.51,4022,,20.5,0.3272,0.0776,0.0693,0.0075,0.4883,0.0301
Tierney and Tingley 2015,-24.248,-31.95,4335,,21.4,0.2985,0.0751,0.0714,0.0113,0.5087,0.0351
Tierney and Tingley 2015,17.699,-34.775,1941,,17.9,0.5178,0.0769,0.0496,0.0077,0.3303,0.0177
Tierney and Tingley 2015,16.785,-34.261,3447,,18.4,0.4635,0.0758,0.0502,0.0072,0.386,0.0173
Tierney and Tingley 2015,17.177,-33.478,712,,16,0.4954,0.0649,0.0382,0.0068,0.3808,0.0138
Tierney and Tingley 2015,16.843,-33.741,1924,,18.1,0.4806,0.0709,0.045,0.0071,0.381,0.0154
Tierney and Tingley 2015,16.5,-33.834,2668,,18.1,0.4551,0.0748,0.0494,0.0076,0.3951,0.0181
Tierney and Tingley 2015,16.268,-33.92,3162,,18.1,0.4523,0.078,0.053,0.0078,0.3906,0.0184
Tierney and Tingley 2015,16.382,-32.909,1995,,17.1,0.5038,0.0694,0.0417,0.007,0.3616,0.0165
Tierney and Tingley 2015,16.31,-32.365,2535,,17.1,0.492,0.0705,0.0454,0.0073,0.3674,0.0174
Tierney and Tingley 2015,15.944,-32.123,1090,,18.1,0.489,0.0726,0.0439,0.0073,0.3714,0.0157
Tierney and Tingley 2015,15.813,-32.499,1977,,18.1,0.496,0.0763,0.0457,0.0075,0.3585,0.016
Tierney and Tingley 2015,15.695,-32.888,2996,,18.1,0.463,0.0748,0.0507,0.0074,0.386,0.0181
Tierney and Tingley 2015,15.734,-32.74,2667,,18.1,0.4617,0.0768,0.0512,0.0074,0.3849,0.018
Tierney and Tingley 2015,15.163,-32.329,2930,,18.1,0.4508,0.0787,0.054,0.008,0.3891,0.0193
Tierney and Tingley 2015,16.805,-32.152,307,,17.1,0.5819,0.0569,0.0244,0.0064,0.3203,0.0101
Tierney and Tingley 2015,18.078,-32.496,69,,14.9,0.5377,0.0359,0.015,0.0043,0.4024,0.0047
Tierney and Tingley 2015,18.117,-31.864,104,,14.8,0.5166,0.0393,0.0166,0.0045,0.4168,0.0062
Tierney and Tingley 2015,18.118,-31.954,105,,14.8,0.5209,0.0397,0.0165,0.0045,0.4129,0.0055
Tierney and Tingley 2015,18.222,-32.032,90,,14.9,0.5214,0.0378,0.0162,0.0046,0.4146,0.0055
Tierney and Tingley 2015,18.091,-31.747,100,,14.8,0.5263,0.04,0.0168,0.0048,0.406,0.0061
Tierney and Tingley 2015,17.279,-30.595,134,,15.7,0.5753,0.044,0.0186,0.0044,0.3512,0.0066
Tierney and Tingley 2015,17.007,-29.703,88,,13.7,0.5359,0.0411,0.0185,0.0049,0.3932,0.0063
Tierney and Tingley 2015,17.058,-29.939,112,,13.7,0.5259,0.0407,0.0177,0.0048,0.405,0.0059
Tierney and Tingley 2015,17.034,-29.928,111,,13.7,0.525,0.0403,0.0181,0.0049,0.4058,0.006
Tierney and Tingley 2015,15.9,80.5,350,,0.9,0.5886,0.041,0.0156,0.005,0.3431,0.0066
Tierney and Tingley 2015,16.66,-29.127,117,,13.7,0.5453,0.0395,0.0181,0.0052,0.3862,0.0058
Tierney and Tingley 2015,16.615,-29.122,20,,13.7,0.5575,0.0417,0.0182,0.0051,0.3713,0.0062
Tierney and Tingley 2015,12.344,-29.21,3626,,18.4,0.4428,0.0903,0.06,0.0067,0.381,0.0192
Tierney and Tingley 2015,13.178,-29.408,3079,,18,0.4499,0.0844,0.0572,0.0069,0.3833,0.0183
Tierney and Tingley 2015,14.322,-29.5,915,,17.2,0.4964,0.0737,0.042,0.0061,0.3665,0.0153
Tierney and Tingley 2015,14.825,-30.317,600,,17.8,0.4507,0.0713,0.042,0.0073,0.4137,0.015
Tierney and Tingley 2015,13.001,-31.501,3521,,18.2,0.4297,0.0832,0.0607,0.0082,0.397,0.0212
Tierney and Tingley 2015,13.325,-30.849,3089,,18.3,0.4232,0.0835,0.0577,0.0079,0.4071,0.0206
Tierney and Tingley 2015,-16.733,16.843,330,,23.5,0.3176,0.0607,0.0439,0.0161,0.5458,0.016
Tierney and Tingley 2015,-18.35,15.61,2964,,24.1,0.3451,0.0751,0.0692,0.0088,0.4698,0.0321
Tierney and Tingley 2015,-17.948,15.498,2385,GeoB9508-4,23.4,0.3368,0.0779,0.0718,0.0091,0.4736,0.0308
Tierney and Tingley 2015,-17.653,15.417,1567,GeoB9510-3,23.4,0.3357,0.0793,0.0685,0.0101,0.477,0.0293
Tierney and Tingley 2015,-17.485,15.376,787,GeoB9512-4,23.4,0.3142,0.0702,0.0583,0.0124,0.5157,0.0291
Tierney and Tingley 2015,-17.294,15.318,498,GeoB9513-5,23.4,0.3251,0.0702,0.0576,0.014,0.5073,0.0258
Tierney and Tingley 2015,-17.591,13.829,1102,GeoB9520-4,24.2,0.3135,0.0754,0.0637,0.011,0.5069,0.0294
Tierney and Tingley 2015,-17.49,13.849,522,GeoB9521-3,24.2,0.3131,0.0684,0.0579,0.0144,0.5216,0.0246
Tierney and Tingley 2015,-17.88,12.64,2648,GeoB9525-5,24.8,0.3329,0.0805,0.0738,0.0111,0.4726,0.0291
Tierney and Tingley 2015,-18.056,12.435,3223,GeoB9526-4,25.3,0.3381,0.0776,0.0738,0.0099,0.4704,0.0302
Tierney and Tingley 2015,-17.664,9.166,3053,GeoB9528-1,27,0.3225,0.0798,0.0785,0.0074,0.4752,0.0366
Tierney and Tingley 2015,-17.369,8.352,1234,GeoB9529-1,27.4,0.3296,0.0797,0.0796,0.0085,0.4682,0.0344
Tierney and Tingley 2015,-14.936,8.901,493,GeoB9534-4,27.3,0.2958,0.0721,0.072,0.0135,0.5176,0.0289
Tierney and Tingley 2015,-14.961,8.876,666,GeoB9535-5,27.3,0.3009,0.0741,0.0743,0.0124,0.5081,0.0302
Tierney and Tingley 2015,11.5,58.333,110,Gullmarsfjord,9.1,0.4317,0.0237,0.0086,0.0037,0.5291,0.0032
Tierney and Tingley 2015,-87.712,60.621,205,HB-4,6.3,0.5356,0.0273,0.0113,0.0038,0.4192,0.0028
Tierney and Tingley 2015,-90.712,60.621,128,HB-5,5.3,0.4967,0.0204,0.0049,0.0025,0.4724,0.003
Tierney and Tingley 2015,-91.712,60.621,120,HB-6,6.8,0.5002,0.0145,0.0045,0.0026,0.4763,0.0019
Tierney and Tingley 2015,-63.712,49.621,395,ON02-015 BE,5.5,0.4966,0.0389,0.0141,0.0031,0.4427,0.0046
Tierney and Tingley 2015,110.53,16.96,1474,HQ08-48PC,27,0.2286,0.0575,0.0696,0.01,0.592,0.0424
Tierney and Tingley 2015,131.2967,72.55,21,IK9307-3,3,0.411,0.0211,0.0129,0.0074,0.5408,0.0067
Tierney and Tingley 2015,131.5017,73.0017,28,IK9316-6,2.1,0.4342,0.0204,0.0108,0.0066,0.5223,0.0058
Tierney and Tingley 2015,137.5517,73.4967,24,IK9318-5,0.9,0.4585,0.0279,0.0099,0.0061,0.4928,0.0049
Tierney and Tingley 2015,119.86,73.9983,30,IK9327-6,2.2,0.4927,0.0209,0.0064,0.0047,0.4715,0.0038
Tierney and Tingley 2015,127.5033,74,27,IK9330-5,3.3,0.485,0.0217,0.0062,0.0045,0.4782,0.0043
Tierney and Tingley 2015,119.955,74.4917,34,IK9338-5,1.9,0.5038,0.021,0.005,0.0045,0.4619,0.0038
Tierney and Tingley 2015,122.9933,74.5,16,IK9340-GKG,2.8,0.5333,0.0235,0.0113,0.0054,0.4217,0.0049
Tierney and Tingley 2015,127.3483,74.51,34,IK9342-6,3.3,0.5001,0.0218,0.0057,0.0042,0.4641,0.0041
Tierney and Tingley 2015,136.03,75.01,31,IK9350-6,1.2,0.4486,0.0225,0.0088,0.0053,0.5105,0.0044
Tierney and Tingley 2015,123.015,74.9967,33,IK9356-2,3.2,0.4491,0.018,0.0052,0.0044,0.5183,0.0049
Tierney and Tingley 2015,123.8417,75.4817,44,IK9367-2,3.2,0.4537,0.0191,0.0055,0.0045,0.5133,0.0038
Tierney and Tingley 2015,134.5833,75.81,46,IK9373A-6,0.1,0.4853,0.0203,0.0072,0.0043,0.4789,0.004
Tierney and Tingley 2015,113.9967,73.6667,9,IK93Z2-8,2.6,0.4966,0.0462,0.0365,0.019,0.391,0.0107
Tierney and Tingley 2015,119.8283,73.2917,12,IK93Z3-2,2.2,0.4731,0.0348,0.0166,0.012,0.4559,0.0076
Tierney and Tingley 2015,130.1267,72.0333,14,IK93Z4-4,2.9,0.4658,0.0428,0.0191,0.0154,0.449,0.0079
Tierney and Tingley 2015,137.0067,71.69,11,IK93Z5-3,2.4,0.5291,0.0357,0.0167,0.0102,0.4019,0.0063
Tierney and Tingley 2015,-9.852,48.062,2006,IS-S1,13.4,0.3757,0.0686,0.0575,0.0089,0.4677,0.0216
Tierney and Tingley 2015,-9.707,48.178,1035,IS-S2,13.4,0.3909,0.0662,0.0486,0.0098,0.4662,0.0184
Tierney and Tingley 2015,-9.709,48.267,497,IS-S3,13.4,0.4116,0.0678,0.0427,0.0106,0.4525,0.0147
Tierney and Tingley 2015,-6.099,51.218,106,IS-S4,11.9,0.4635,0.0373,0.0127,0.0049,0.4779,0.0037
Tierney and Tingley 2015,-5.593,53.883,104,IS-S5,10.8,0.4588,0.0345,0.0103,0.0038,0.4891,0.0036
Tierney and Tingley 2015,-5.584,54.119,54,IS-S6,10.8,0.4886,0.0279,0.0087,0.0037,0.4686,0.0025
Tierney and Tingley 2015,-160,0,5142,KH01-3 St. 01,27.6,0.384,0.059,0.047,0.004,0.494,0.013
Tierney and Tingley 2015,-160,-35,5098,KH01-3 St. 08,17.6,0.388,0.056,0.043,0.003,0.494,0.015
Tierney and Tingley 2015,-160,-47,5118,KH01-3 St. 10,11.1,0.251,0.051,0.063,0.006,0.586,0.042
Tierney and Tingley 2015,140,-60,4483,KH01-3 St. 17,0.9,0.365,0.058,0.051,0.003,0.498,0.024
Tierney and Tingley 2015,140,-50,3755,KH01-3 St. 19,7.7,0.34,0.063,0.059,0.007,0.506,0.026
Tierney and Tingley 2015,-94.95,8.0333,3661,KH03-1 HY03,27.7,0.345,0.067,0.063,0.006,0.49,0.031
Tierney and Tingley 2015,-95.05,4.0333,3563,KH03-1 HY04,27.5,0.34,0.062,0.061,0.005,0.503,0.029
Tierney and Tingley 2015,-95.5,2.0167,2886,KH03-1 HY05,26.3,0.224,0.06,0.066,0.007,0.598,0.045
Tierney and Tingley 2015,-95.4333,0.0167,3246,KH03-1 HY06,23.8,0.342,0.066,0.059,0.006,0.499,0.029
Tierney and Tingley 2015,-95,-2.0333,3331,KH03-1 HY07,23,0.359,0.068,0.062,0.004,0.48,0.026
Tierney and Tingley 2015,-95,-3.9667,3657,KH03-1 HY08,24.2,0.369,0.062,0.055,0.006,0.482,0.027
Tierney and Tingley 2015,-94.9167,-5.95,3852,KH03-1 HY08B,24.4,0.344,0.071,0.069,0.004,0.481,0.032
Tierney and Tingley 2015,-95.0167,-7.9833,3910,KH03-1 HY09,24.3,0.23,0.045,0.067,0.007,0.603,0.047
Tierney and Tingley 2015,157.5167,-0.6667,2098,KH04-5 SX02,29.3,0.548,0.041,0.012,0.002,0.392,0.005
Tierney and Tingley 2015,174.2,-65.15,3393,KH04-5 SX09,-0.2,0.543,0.031,0.009,0.002,0.41,0.005
Tierney and Tingley 2015,-172.65,-67.2167,3884,KH04-5 SX10,0.2,0.54,0.042,0.014,0.002,0.396,0.007
Tierney and Tingley 2015,-170,-50.0167,5388,KH04-5 SX14,9.8,0.432,0.046,0.025,0.003,0.484,0.011
Tierney and Tingley 2015,-170,-45,5165,KH04-5 SX15,12.6,0.452,0.049,0.025,0.002,0.462,0.009
Tierney and Tingley 2015,-171,-43.1833,2313,KH04-5 SX16,14.1,0.426,0.053,0.028,0.003,0.479,0.011
Tierney and Tingley 2015,-170,-40,4635,KH04-5 SX17,15.5,0.419,0.055,0.033,0.003,0.479,0.011
Tierney and Tingley 2015,11.383,79.012,380,LMG0404-16,1.9,0.4703,0.012,0.004,0.0027,0.5084,0.0026
Tierney and Tingley 2015,-55.313,-63.136,758,LMG0404-3,-1.1,0.4576,0.0125,0.0041,0.0029,0.5203,0.0026
Tierney and Tingley 2015,-60.383,-64.797,861,LMG0502-25,-1.3,0.5037,0.0126,0.0036,0.0022,0.4754,0.0025
Tierney and Tingley 2015,-66.884,-67.216,650,LMG9802-6,-0.8,0.5221,0.0248,0.0067,0.0019,0.4411,0.0034
Tierney and Tingley 2015,-1.966,62.001,1602,M2003-01,8.6,0.5262,0.0368,0.013,0.0039,0.4145,0.0056
Tierney and Tingley 2015,29.553,74.146,366,M2003-06,3.8,0.5312,0.0328,0.0107,0.0035,0.4165,0.0052
Tierney and Tingley 2015,-1.125,62.767,1601,M2003-08,8.6,0.5303,0.0337,0.0109,0.0036,0.4167,0.0048
Tierney and Tingley 2015,141.546,41.3,1002,MC-1,12.1,0.4821,0.0394,0.0176,0.0041,0.4511,0.0056
Tierney and Tingley 2015,138.597,41.251,1268,MC-3,12.8,0.5328,0.0367,0.0108,0.0039,0.4104,0.0053
Tierney and Tingley 2015,-90.3,27.5,1100,MC3K,25.4,0.2393,0.0721,0.0885,0.0128,0.5367,0.0506
Tierney and Tingley 2015,-90.3,27.5,1100,MC4R,25.4,0.2369,0.0699,0.0854,0.012,0.5491,0.0468
Tierney and Tingley 2015,-90.3,27.5,1100,MC4S,25.4,0.2264,0.0747,0.0959,0.0125,0.537,0.0534
Tierney and Tingley 2015,139.211,39.32,856,MC-6,15.5,0.5283,0.0365,0.0133,0.0051,0.4123,0.0045
Tierney and Tingley 2015,138.557,-66.051,750,MD03-2601,-0.4,0.5824,0.0179,0.006,0.0034,0.3882,0.0021
Tierney and Tingley 2015,139.375,-64.285,3331,MD03-2603,-0.2,0.5319,0.0361,0.0116,0.0027,0.411,0.0068
Tierney and Tingley 2015,139.375,-64.285,3331,MD03-2604,-0.2,0.565,0.0373,0.0123,0.0025,0.376,0.0068
Tierney and Tingley 2015,111.55,7.04,1982,MD05-2894,28.2,0.1637,0.0535,0.0787,0.0142,0.6414,0.0485
Tierney and Tingley 2015,111.4412,8.825,1657,MD05-2896,28.5,0.2178,0.0587,0.0804,0.0098,0.5938,0.0395
Tierney and Tingley 2015,112.18,13.79,2395,MD05-2898,27.7,0.2218,0.0617,0.0802,0.0115,0.5795,0.0453
Tierney and Tingley 2015,110.7,14.39,1455,MD05-2900,27.1,0.2101,0.0603,0.0768,0.0116,0.5949,0.0464
Tierney and Tingley 2015,114.96,17.96,3697,MD05-2902,27.3,0.1999,0.0616,0.0812,0.0109,0.5964,0.0501
Tierney and Tingley 2015,116.25,19.46,2066,MD05-2903,26.6,0.217,0.0631,0.0781,0.0121,0.5811,0.0487
Tierney and Tingley 2015,117.36,20.14,1647,MD05-2905,26.4,0.2086,0.0621,0.0772,0.0124,0.5913,0.0484
Tierney and Tingley 2015,4.083,53,5,Mokbaai,10.6,0.5122,0.0476,0.0209,0.0099,0.4059,0.0036
Tierney and Tingley 2015,160.4,0,2965,MW91-9 BC-22,29.5,0.226,0.0658,0.0848,0.013,0.5469,0.0635
Tierney and Tingley 2015,157.8,-0.98,2022,MW91-9 BC-37,29.3,0.2251,0.066,0.0816,0.0125,0.5547,0.06
Tierney and Tingley 2015,161,0,3397,MW91-9 BC-51,29.5,0.2314,0.0633,0.082,0.0125,0.5509,0.06
Tierney and Tingley 2015,162.2,0,4329,MW91-9 BC-58,29.5,0.2393,0.0656,0.0806,0.0119,0.5432,0.0593
Tierney and Tingley 2015,162.6,0,4445,MW91-9 BC-74,29.5,0.2276,0.0662,0.0809,0.0116,0.5541,0.0596
Tierney and Tingley 2015,157.9,-1,2018,W91-9 GGC-1,29.3,0.2398,0.0678,0.084,0.0125,0.5334,0.0626
Tierney and Tingley 2015,158.9,0,2311,W91-9 GGC-1,29.3,0.2441,0.0681,0.0826,0.0128,0.5326,0.0598
Tierney and Tingley 2015,160.5,0,2980,W91-9 GGC-1,29.5,0.2341,0.0653,0.0844,0.013,0.5413,0.0619
Tierney and Tingley 2015,158.9,0,2322,W91-9 GGC-2,29.3,0.2248,0.0656,0.0802,0.012,0.5547,0.0627
Tierney and Tingley 2015,159.4,0,2456,W91-9 GGC-3,29.4,0.2802,0.0634,0.0791,0.0123,0.5097,0.0553
Tierney and Tingley 2015,160.6,0,3160,W91-9 GGC-4,29.5,0.2411,0.0633,0.0804,0.0121,0.5427,0.0604
Tierney and Tingley 2015,161.8,0,4025,W91-9 GGC-5,29.6,0.2348,0.0652,0.077,0.0117,0.5485,0.0627
Tierney and Tingley 2015,156.99,-2.3,1618,MW91-9 GGC-,29.3,0.2508,0.0671,0.0871,0.0117,0.5258,0.0576
Tierney and Tingley 2015,162.7,0,4449,W91-9 GGC-6,29.5,0.2557,0.0638,0.076,0.0115,0.5319,0.0611
Tierney and Tingley 2015,156.9,-2.2,1625,MW91-9 GGC-,29.3,0.2441,0.0678,0.0861,0.0125,0.533,0.0564
Tierney and Tingley 2015,-58.578,-64.294,768,NBP0003-1,-1.3,0.5002,0.0137,0.0038,0.002,0.4774,0.0028
Tierney and Tingley 2015,-58.516,-64.367,794,NBP0003-28,-1.3,0.4931,0.0146,0.0044,0.0021,0.4821,0.0037
Tierney and Tingley 2015,-58.444,-64.356,690,NBP0003-29,-1.3,0.502,0.0131,0.0037,0.002,0.4784,0.0008
Tierney and Tingley 2015,-58.45,-64.281,843,NBP0003-30,-1.3,0.5082,0.0122,0.0034,0.002,0.4719,0.0023
Tierney and Tingley 2015,-61.491,-63.135,704,BP0107 JPC3,0,0.541,0.0234,0.0068,0.0024,0.4237,0.0027
Tierney and Tingley 2015,-65.401,-64.849,657,NBP0107-17,-0.2,0.4461,0.0237,0.0067,0.0023,0.5167,0.0045
Tierney and Tingley 2015,-62.046,-64.317,1014,NBP0107-28,0.4,0.5435,0.017,0.0047,0.0021,0.4302,0.0025
Tierney and Tingley 2015,-56.382,-63.667,638,NBP0107-49,-1.3,0.4704,0.0121,0.0041,0.0026,0.5081,0.0027
Tierney and Tingley 2015,-61.565,-65.768,772,NBP0603-3,-1.3,0.5173,0.0162,0.0042,0.0017,0.4579,0.0028
Tierney and Tingley 2015,-108.61,-74.1,730,NBP0702-10,-1.7,0.5208,0.015,0.004,0.0018,0.4555,0.0029
Tierney and Tingley 2015,-134.52,-73.94,470,NBP0702-13,-1.8,0.5152,0.0206,0.0057,0.003,0.4527,0.0029
Tierney and Tingley 2015,-125.81,-72.56,425,NBP0702-15,-1.6,0.5056,0.0232,0.0064,0.0027,0.459,0.0032
Tierney and Tingley 2015,-114.99,-71.54,424,NBP0702-17,-1.8,0.531,0.0204,0.0056,0.0021,0.4378,0.0031
Tierney and Tingley 2015,-106.01,-71.13,512,NBP0702-20,-1.8,0.5164,0.0328,0.0097,0.0027,0.4341,0.0043
Tierney and Tingley 2015,-104.01,-71.75,665,NBP0702-22,-1.8,0.4778,0.0345,0.0113,0.003,0.4683,0.005
Tierney and Tingley 2015,-158.27,-77.47,1081,NBP0702-3,-0.9,0.5414,0.0219,0.0068,0.0024,0.4248,0.0026
Tierney and Tingley 2015,-57.494,-62.208,300,NBP9507-2,-0.5,0.4367,0.013,0.0038,0.0017,0.542,0.0027
Tierney and Tingley 2015,-62.916,-64.844,301,NBP9903-20,-0.2,0.4943,0.0148,0.0047,0.0024,0.4811,0.0028
Tierney and Tingley 2015,-62.976,-64.844,282,NBP9903-21,-0.2,0.5227,0.0161,0.005,0.0025,0.4512,0.0025
Tierney and Tingley 2015,53.55,10.683,4065,NIOP 325,26.6,0.2791,0.0729,0.0924,0.0108,0.4953,0.0495
Tierney and Tingley 2015,51.577,10.779,459,NIOP 902,26.1,0.2249,0.062,0.0614,0.0165,0.5924,0.0428
Tierney and Tingley 2015,51.658,10.783,789,NIOP 903,26.1,0.2229,0.0675,0.0794,0.0166,0.5636,0.0501
Tierney and Tingley 2015,51.771,10.788,1194,NIOP 904,26.1,0.2319,0.0693,0.0761,0.0138,0.5611,0.0477
Tierney and Tingley 2015,51.944,10.916,1567,NIOP 905,26.1,0.2466,0.0682,0.0852,0.0155,0.5313,0.0531
Tierney and Tingley 2015,52.129,10.812,2020,NIOP 906,26.1,0.2443,0.0636,0.077,0.012,0.5429,0.0601
Tierney and Tingley 2015,52.249,10.804,2807,NIOP 907,26.1,0.2607,0.0649,0.0798,0.0128,0.5285,0.0533
Tierney and Tingley 2015,52.915,10.778,3572,NIOP 908,26.1,0.2863,0.0715,0.0842,0.0127,0.4941,0.0513
Tierney and Tingley 2015,53.524,10.69,4035,NIOP 915,26.6,0.2824,0.0717,0.0879,0.0121,0.4919,0.0541
Tierney and Tingley 2015,52.53,16.17,201,NIOP 922,26.6,0.1955,0.0599,0.072,0.0139,0.5988,0.0599
Tierney and Tingley 2015,4.5,54,42,rth Frisian Fro,10.6,0.5059,0.0345,0.0131,0.0048,0.4381,0.0036
Tierney and Tingley 2015,3.733,52.908,-999,Sea Breeveert,11.3,0.4563,0.0532,0.0188,0.0071,0.4605,0.0041
Tierney and Tingley 2015,3,53,40,Central South,10.3,0.4572,0.0445,0.0196,0.0071,0.4676,0.0041
Tierney and Tingley 2015,4.5,53,24,th Sea Dutch C,11,0.4792,0.0495,0.0167,0.0057,0.4436,0.0051
Tierney and Tingley 2015,10.749,79.029,328,NP-07-13-08,1.9,0.4896,0.014,0.0048,0.0031,0.486,0.0025
Tierney and Tingley 2015,10.666,79.059,326,NP-07-13-09,1.9,0.4771,0.0132,0.0049,0.0031,0.4989,0.0028
Tierney and Tingley 2015,10.847,79.065,325,NP-07-13-10,1.9,0.4563,0.0117,0.0043,0.0031,0.5225,0.002
Tierney and Tingley 2015,11.661,79.118,313,NP-07-13-11,1.9,0.5652,0.0147,0.0048,0.0029,0.4109,0.0016
Tierney and Tingley 2015,11.622,79.295,205,NP-07-13-13,1.9,0.5621,0.0175,0.0065,0.004,0.4073,0.0026
Tierney and Tingley 2015,11.668,79.266,245,NP-07-13-14,1.9,0.5789,0.0182,0.0056,0.0031,0.3921,0.0022
Tierney and Tingley 2015,11.706,79.228,269,NP-07-13-15,1.9,0.5814,0.0174,0.0054,0.003,0.3906,0.0022
Tierney and Tingley 2015,11.761,79.186,374,NP-07-13-16,1.9,0.5641,0.0147,0.005,0.0031,0.4107,0.0023
Tierney and Tingley 2015,11.924,79.225,279,NP-07-13-21,1.9,0.5511,0.0152,0.0051,0.0031,0.4231,0.0023
Tierney and Tingley 2015,11.028,79.015,336,NP-07-13-23,1.9,0.4911,0.0133,0.0047,0.0031,0.486,0.0018
Tierney and Tingley 2015,10.859,79.013,326,NP-07-13-24,1.9,0.4687,0.0123,0.0044,0.0031,0.5095,0.002
Tierney and Tingley 2015,10.87,79.04,340,NP-07-13-25,1.9,0.483,0.0134,0.0047,0.0031,0.4936,0.0022
Tierney and Tingley 2015,11.086,79.051,334,NP-07-13-26,1.9,0.4784,0.013,0.0046,0.0032,0.4983,0.0024
Tierney and Tingley 2015,16.714,-29.136,88,NP-07-13-30,13.7,0.5182,0.0161,0.0053,0.003,0.455,0.0023
Tierney and Tingley 2015,16.28,80.362,398,NP-07-13-31,1.1,0.5301,0.0157,0.0051,0.0028,0.4444,0.0019
Tierney and Tingley 2015,16.955,80.214,451,NP-07-13-32,1.1,0.5033,0.015,0.0051,0.0032,0.4711,0.0024
Tierney and Tingley 2015,17.173,80.099,416,NP-07-13-33,1.2,0.5115,0.0149,0.0052,0.0031,0.463,0.0024
Tierney and Tingley 2015,17.764,79.949,400,NP-07-13-34,1.2,0.5132,0.0148,0.0051,0.0032,0.4612,0.0025
Tierney and Tingley 2015,18.134,79.798,446,NP-07-13-35,1.2,0.5524,0.0154,0.005,0.0031,0.4221,0.0021
Tierney and Tingley 2015,18.859,79.614,339,NP-07-13-36,1.2,0.5478,0.0163,0.0055,0.0033,0.425,0.0021
Tierney and Tingley 2015,11.952,78.956,342,NP-07-13-40,1.9,0.5492,0.0151,0.0052,0.0031,0.4256,0.0018
Tierney and Tingley 2015,11.491,79.064,307,NP-07-13-41,1.9,0.5462,0.0146,0.005,0.003,0.4295,0.0018
Tierney and Tingley 2015,11.837,78.986,320,NP-07-13-42,1.9,0.5433,0.0153,0.0049,0.0031,0.4316,0.0018
Tierney and Tingley 2015,11.726,79.012,285,NP-07-13-44,1.9,0.5475,0.015,0.005,0.0031,0.4278,0.0016
Tierney and Tingley 2015,11.493,79.029,267,NP-07-13-46,1.9,0.5304,0.0149,0.0049,0.0031,0.4447,0.0019
Tierney and Tingley 2015,11.599,79.016,252,NP-07-13-47,1.9,0.5327,0.0159,0.0052,0.0031,0.441,0.0022
Tierney and Tingley 2015,11.505,79,359,NP-07-13-48,1.9,0.4924,0.0129,0.0045,0.003,0.4852,0.0019
Tierney and Tingley 2015,-55.823,-63.071,743,NP-07-13-49,-0.7,0.4763,0.0124,0.0045,0.003,0.5017,0.0021
Tierney and Tingley 2015,11.31,79.032,330,NP-07-13-50,1.9,0.4888,0.013,0.0044,0.0029,0.4888,0.0021
Tierney and Tingley 2015,11.37,79.044,335,NP-07-13-51,1.9,0.5015,0.0136,0.0051,0.0032,0.4749,0.0018
Tierney and Tingley 2015,11.377,79.073,295,NP-07-13-52,1.9,0.3788,0.0113,0.004,0.0028,0.6,0.0031
Tierney and Tingley 2015,11.653,78.986,286,NP-07-13-53,1.9,0.5358,0.0152,0.0052,0.0031,0.4387,0.002
Tierney and Tingley 2015,11.744,79.149,340,NP-07-13-55,1.9,0.5767,0.0147,0.0047,0.0027,0.3996,0.0016
Tierney and Tingley 2015,12.062,78.928,204,NP-07-13-60,1.9,0.551,0.0151,0.0051,0.0033,0.424,0.0015
Tierney and Tingley 2015,12.405,78.907,73,NP-07-13-61,1.9,0.5472,0.0171,0.0088,0.0045,0.4198,0.0025
Tierney and Tingley 2015,11.807,78.965,299,NP-07-13-64,1.9,0.5382,0.0145,0.0047,0.0029,0.4376,0.002
Tierney and Tingley 2015,-77.7,26.2,-999,OCE205,26.4,0.1854,0.0667,0.0771,0.0376,0.6004,0.0328
Tierney and Tingley 2015,-9.0653,36.3901,596,CE437-7 MC11,18.1,0.307,0.0673,0.0593,0.0132,0.5256,0.0277
Tierney and Tingley 2015,-7.5315,35.8903,1184,CE437-7 MC12,19.2,0.2896,0.0697,0.0772,0.0115,0.5157,0.0362
Tierney and Tingley 2015,-7.7643,34.115,388,CE437-7 MC15,19.5,0.296,0.067,0.059,0.0139,0.5362,0.0279
Tierney and Tingley 2015,-9.3165,33.4485,835,CE437-7 MC18,19.5,0.2766,0.073,0.0808,0.0115,0.5211,0.0369
Tierney and Tingley 2015,-9.5128,37.8278,1123,CE437-7 MC1,17.3,0.2826,0.0682,0.0747,0.0105,0.5272,0.0367
Tierney and Tingley 2015,-10.2829,30.8603,835,CE437-7 MC22,17.6,0.3345,0.0648,0.0555,0.01,0.5068,0.0283
Tierney and Tingley 2015,-10.6317,30.8882,1244,CE437-7 MC25,17.6,0.316,0.0654,0.0621,0.0095,0.5159,0.0311
Tierney and Tingley 2015,-12.4669,29.0181,776,CE437-7 MC28,19.5,0.276,0.0711,0.0771,0.0091,0.5272,0.0395
Tierney and Tingley 2015,-13.7408,27.5371,1029,CE437-7 MC31,19.7,0.3288,0.066,0.0639,0.0095,0.5003,0.0314
Tierney and Tingley 2015,-15.1201,26.8273,2812,CE437-7 MC36,20.3,0.2893,0.0723,0.0823,0.0086,0.5076,0.0399
Tierney and Tingley 2015,-16.4069,25.4993,1780,CE437-7 MC39,20.2,0.2982,0.0762,0.077,0.0084,0.5024,0.0379
Tierney and Tingley 2015,-16.6571,25.0203,1401,CE437-7 MC42,20.2,0.3084,0.0724,0.0697,0.0085,0.5036,0.0374
Tierney and Tingley 2015,-17.0478,24.3686,1662,CE437-7 MC44,20.8,0.3149,0.073,0.0723,0.0078,0.4955,0.0366
Tierney and Tingley 2015,-10.184,37.8372,3146,CE437-7 MC4,17.9,0.2778,0.0654,0.076,0.0091,0.5311,0.0407
Tierney and Tingley 2015,-17.8542,23.2071,2295,CE437-7 MC50,19.3,0.3181,0.0717,0.0687,0.0077,0.4975,0.0363
Tierney and Tingley 2015,-17.8708,21.797,1276,CE437-7 MC51,18.4,0.3278,0.0682,0.0565,0.0084,0.5055,0.0335
Tierney and Tingley 2015,-17.8028,21.2393,798,CE437-7 MC55,18.4,0.3331,0.0643,0.0504,0.0094,0.5123,0.0304
Tierney and Tingley 2015,-18.5512,20.7463,2106,CE437-7 MC63,20.2,0.3426,0.0701,0.0614,0.0093,0.4837,0.0329
Tierney and Tingley 2015,-17.8607,19.9434,1455,CE437-7 MC65,20.1,0.3315,0.0699,0.0565,0.0101,0.4994,0.0325
Tierney and Tingley 2015,-17.2767,19.3567,1393,CE437-7 MC67,20.1,0.3279,0.0721,0.0593,0.0095,0.4982,0.0329
Tierney and Tingley 2015,-17.3348,18.6388,2282,CE437-7 MC69,22.2,0.3401,0.0727,0.0639,0.0097,0.48,0.0336
Tierney and Tingley 2015,-23.4132,15.31,944,CE437-7 MC78,24.2,0.2814,0.0726,0.0794,0.0103,0.5158,0.0405
Tierney and Tingley 2015,-9.8672,36.7722,2735,CE437-7 MC7,18.1,0.2878,0.063,0.0749,0.0098,0.526,0.0384
Tierney and Tingley 2015,9.29,41.38,765,OMEX 98-5,17.8,0.3804,0.0671,0.0484,0.0114,0.4737,0.019
Tierney and Tingley 2015,9.37,39.35,-999,OMEX 99-15,18.4,0.4117,0.0592,0.0357,0.0102,0.4663,0.0168
Tierney and Tingley 2015,4.5,54.5,47,Oyster ground,10.6,0.5028,0.0331,0.0123,0.0049,0.4438,0.0032
Tierney and Tingley 2015,-62.599,-64.907,240,PD90-7-21,-0.2,0.5256,0.0161,0.0057,0.0025,0.4474,0.0026
Tierney and Tingley 2015,-63.191,-65.121,171,PD90-7-6,-0.2,0.5165,0.0192,0.0061,0.0025,0.4524,0.0033
Tierney and Tingley 2015,-63.22,-65.155,493,PD90-7-8,-0.2,0.5426,0.0207,0.0062,0.0024,0.4246,0.0035
Tierney and Tingley 2015,-63.228,-65.166,490,PD90-7-9,-0.2,0.5472,0.0195,0.006,0.0023,0.4226,0.0025
Tierney and Tingley 2015,-77.317,-11.983,100,eru Margin PM,18.5,0.3144,0.0481,0.0326,0.0102,0.5806,0.014
Tierney and Tingley 2015,-78.067,-11.05,250,eru Margin PM,19.9,0.2854,0.0516,0.0496,0.0133,0.5812,0.0189
Tierney and Tingley 2015,29.202,78.308,303,PLS-91-1-1,0.3,0.496,0.0225,0.0055,0.0026,0.4707,0.0027
Tierney and Tingley 2015,32.377,83.706,4004,PLS-91-1-10,-1.7,0.494,0.0554,0.0175,0.0029,0.4217,0.0085
Tierney and Tingley 2015,33.94,84.185,4052,PLS-91-1-12,-1.1,0.4962,0.0609,0.0179,0.0027,0.4146,0.0077
Tierney and Tingley 2015,40.599,84.807,4018,PLS-91-1-14,-1,0.497,0.0481,0.014,0.0031,0.4307,0.0071
Tierney and Tingley 2015,140.498,-65.468,1567,PLS-91-1-17,-1.2,0.5214,0.0371,0.0121,0.0043,0.4194,0.0057
Tierney and Tingley 2015,48.229,83.017,2900,PLS-91-1-20,-1.7,0.503,0.0342,0.0099,0.003,0.4446,0.0052
Tierney and Tingley 2015,47.889,82.662,1345,PLS-91-1-21,-0.8,0.49,0.0383,0.0152,0.0038,0.4473,0.0053
Tierney and Tingley 2015,43.432,81.118,466,PLS-91-1-23,-1.3,0.5049,0.0218,0.0058,0.006,0.4578,0.0037
Tierney and Tingley 2015,42.874,81.021,472,PLS-91-1-24,-0.8,0.5506,0.0245,0.0062,0.0059,0.4103,0.0025
Tierney and Tingley 2015,21.273,73.724,1536,PLS-91-1-31,5.3,0.5336,0.0275,0.0078,0.0035,0.4238,0.0038
Tierney and Tingley 2015,29.021,80.867,4018,PLS-91-1-5,-0.8,0.5053,0.0248,0.0066,0.0035,0.4559,0.0039
Tierney and Tingley 2015,28.534,81.487,628,PLS-91-1-6,0,0.5111,0.0208,0.0052,0.0025,0.4566,0.0038
Tierney and Tingley 2015,-52,-57.9175,4557,PS2334-1,2.3,0.541,0.0527,0.0221,0.0033,0.371,0.0099
Tierney and Tingley 2015,-53.9885,-57.1518,4006,PS2336-1,2.7,0.5614,0.0533,0.0226,0,0.3539,0.0089
Tierney and Tingley 2015,-56.9433,-56.0308,4542,PS2339-1,4,0.5265,0.0611,0.0232,0.0046,0.372,0.0126
Tierney and Tingley 2015,-57.9843,-55.2582,4372,PS2342-1,5.1,0.4988,0.0659,0.0259,0.0047,0.3917,0.0131
Tierney and Tingley 2015,133.355,76.5083,38,PS2453-2,2,0.4952,0.0242,0.0255,0.0067,0.4423,0.0061
Tierney and Tingley 2015,130.535,79.6517,3429,PS2455-3,-1.7,0.4942,0.0415,0.0128,0.0063,0.4388,0.0063
Tierney and Tingley 2015,133.3983,78.1667,983,PS2458-4,-1.3,0.4911,0.0238,0.0136,0.0046,0.4626,0.0044
Tierney and Tingley 2015,133.555,77.91,73,PS2461-2,-0.4,0.4878,0.0214,0.0152,0.0047,0.4671,0.0036
Tierney and Tingley 2015,133.5567,77.405,54,PS2462-3,-0.4,0.4756,0.022,0.0179,0.0058,0.4735,0.0052
Tierney and Tingley 2015,122.855,79.2267,3237,PS2470-1,-1.8,0.4903,0.0409,0.0164,0.0056,0.4401,0.0067
Tierney and Tingley 2015,118.7383,78.6667,2620,PS2472-3,-1.8,0.4891,0.0306,0.0118,0.0043,0.4591,0.0051
Tierney and Tingley 2015,118.5717,77.9817,1927,PS2473-3,-1.8,0.5031,0.0272,0.016,0.0044,0.4444,0.0048
Tierney and Tingley 2015,118.575,77.67,1497,PS2474-2,-1.8,0.4938,0.0266,0.0137,0.004,0.4569,0.005
Tierney and Tingley 2015,118.71,77.1717,101,PS2478-3,-1.8,0.5034,0.02,0.0119,0.004,0.4566,0.004
Tierney and Tingley 2015,8.9733,-42.8733,3794,PS2489-2,10.1,0.4497,0.068,0.044,0.0037,0.4187,0.0159
Tierney and Tingley 2015,7.7717,-62.9583,5305,PS2579-1,-0.4,0.6066,0.0459,0.0149,0.0025,0.3221,0.0079
Tierney and Tingley 2015,24.9767,-66.0017,4641,PS2589-2,-1.5,0.5795,0.0552,0.0178,0.0029,0.3372,0.0075
Tierney and Tingley 2015,-85.688,-50.749,4579,PS2659-2,6.8,0.5006,0.0674,0.0389,0.0016,0.3815,0.0101
Tierney and Tingley 2015,-89.547,-53.287,4972,PS2663-4,7.4,0.5546,0.0547,0.0277,0.0022,0.3541,0.0067
Tierney and Tingley 2015,-92.556,-68.074,4454,PS2687-5,-0.5,0.5462,0.0565,0.0321,0.0024,0.3518,0.0109
Tierney and Tingley 2015,-91.171,-65.395,4715,PS2691-1,1,0.5339,0.0659,0.0216,0.0011,0.3713,0.0061
Tierney and Tingley 2015,-89.493,-62.997,4783,PS2697-1,2.6,0.4546,0.0795,0.0335,0.0038,0.418,0.0106
Tierney and Tingley 2015,-88.008,-57.041,5190,PS2715-3,6.2,0.5447,0.0662,0.0277,0.0017,0.3526,0.007
Tierney and Tingley 2015,135.0083,77.25,44,PS2728-2,-1.5,0.5028,0.0233,0.0324,0.0067,0.4295,0.0053
Tierney and Tingley 2015,133.715,78.5133,1995,PS2747-8,-1.3,0.5256,0.0292,0.0132,0.0045,0.4223,0.0052
Tierney and Tingley 2015,135.1133,79.1266,2783,PS2749-3,-1.6,0.5121,0.0331,0.0121,0.0043,0.4329,0.0056
Tierney and Tingley 2015,23.0009,-61.4995,5220,PS63/130-2,0.8,0.5794,0.0538,0.0193,0.0023,0.3387,0.0064
Tierney and Tingley 2015,23.0008,-58.2994,5413,PS63/139-2,0.5,0.577,0.057,0.0188,0.0036,0.3356,0.008
Tierney and Tingley 2015,23.0141,-56.5071,4872,PS63/143-2,1.6,0.5816,0.0496,0.0156,0.0029,0.3428,0.0074
Tierney and Tingley 2015,18.5339,77.4587,105,PS68/206-2,1.8,0.5585,0.0169,0.006,0.0042,0.3825,0.032
Tierney and Tingley 2015,18.838,77.1491,124,PS68/211-2,1.8,0.5603,0.0169,0.0058,0.0027,0.3815,0.0328
Tierney and Tingley 2015,2.8424,79.1336,5571,PS68/242-2,0.6,0.5425,0.0598,0.0221,0.0054,0.348,0.0221
Tierney and Tingley 2015,5.1719,79.6038,2784,PS68/250-2,2.7,0.581,0.0323,0.01,0.0026,0.3443,0.0299
Tierney and Tingley 2015,4.3276,79.2829,2401,PS68/251-2,1.9,0.5818,0.0341,0.0107,0.0034,0.3468,0.0232
Tierney and Tingley 2015,4.6004,79.1081,1914,PS68/271-2,1.9,0.5675,0.0315,0.0098,0.0034,0.3642,0.0236
Tierney and Tingley 2015,8.6337,81.0972,1078,PS68/314-1,-1.7,0.5649,0.0353,0.0111,0.003,0.3504,0.0353
Tierney and Tingley 2015,5.8851,80.4783,604,PS68/328-2,0.1,0.5805,0.0273,0.0091,0.0029,0.3557,0.0245
Tierney and Tingley 2015,3.7054,80.1563,1613,PS68/331-2,1.3,0.5846,0.0301,0.0087,0.0036,0.3401,0.0329
Tierney and Tingley 2015,-3.9842,78.8321,1934,PS68/338-3,-1.1,0.5744,0.0381,0.0147,0.0033,0.3457,0.0239
Tierney and Tingley 2015,-4.9754,78.8124,1029,PS68/341-2,-1.3,0.6003,0.0331,0.0113,0.0037,0.331,0.0207
Tierney and Tingley 2015,-5.663,78.8302,436,PS68/343-2,-1.1,0.612,0.0301,0.0102,0.004,0.3116,0.0322
Tierney and Tingley 2015,-10.0561,78.8344,311,PS68/352-2,-0.5,0.6201,0.0226,0.0063,0.0022,0.331,0.0178
Tierney and Tingley 2015,-12.515,78.829,195,PS68/357-2,-0.7,0.5652,0.0214,0.0061,0.0034,0.375,0.0289
Tierney and Tingley 2015,14.6632,71.9604,1352,PS68/371-2,6.9,0.5504,0.0386,0.0135,0.0038,0.3704,0.0233
Tierney and Tingley 2015,72.8878,-68.0113,703,PS69/793-1,-0.5,0.4931,0.0159,0.0041,0.0024,0.4829,0.0016
Tierney and Tingley 2015,69.2178,-65.998,2365,PS69/853-2,0.2,0.4912,0.0307,0.0079,0,0.4702,0
Tierney and Tingley 2015,82.6562,-65.3425,3093,PS69/878-4,-1,0.5653,0.0358,0.0109,0.0023,0.3858,0
Tierney and Tingley 2015,82.8733,-63.8372,3702,PS69/885-1,0.6,0.5226,0.0407,0.0128,0.0027,0.4175,0.0037
Tierney and Tingley 2015,82.836,-62.6557,2295,PS69/891-3,0.7,0.5127,0.0618,0.0215,0.0033,0.3955,0.0053
Tierney and Tingley 2015,85.6737,-59.6217,4126,PS69/899-1,1.7,0.5191,0.0537,0.0177,0.003,0.4002,0.0064
Tierney and Tingley 2015,73.3332,-55.0048,2251,PS69/907-3,2.1,0.4523,0.0672,0.0281,0.0026,0.4421,0.0078
Tierney and Tingley 2015,71.5652,-50.3107,565,PS69/912-5,2.7,0.5263,0.0342,0.0109,0.0037,0.4215,0.0034
Tierney and Tingley 2015,83.8702,82.4096,1564,PS70/277-2,-1.7,0.5288,0.0255,0.0105,0.0037,0.4163,0.0154
Tierney and Tingley 2015,104.6593,87.0696,4443,PS70/309-8,-1.5,0.5246,0.0443,0.0155,0.0054,0.3868,0.0234
Tierney and Tingley 2015,153.7344,88.6752,2746,PS70/319-2,-1.6,0.5409,0.0465,0.0142,0.0022,0.3658,0.0303
Tierney and Tingley 2015,-146,87,3368,PS70/333-4,-1.6,0.5446,0.062,0.0172,0.0018,0.345,0.0294
Tierney and Tingley 2015,152.0996,86.5256,1467,PS70/358-3,-1.7,0.5656,0.0531,0.0234,0.0011,0.3304,0.0264
Tierney and Tingley 2015,-80.0897,-54.3685,4450,PS75/034-1,7,0.486,0.0703,0.0353,0.0032,0.3995,0.0056
Tierney and Tingley 2015,-107.805,-52.8123,3977,PS75/051-2,6.8,0.4717,0.0627,0.0338,0.0033,0.4134,0.0151
Tierney and Tingley 2015,-115.98,-60.7692,5132,PS75/053-1,2.6,0.5165,0.0692,0.0309,0.0038,0.3682,0.0115
Tierney and Tingley 2015,-135.626,-58.277,4147,PS75/062-1,1.5,0.5482,0.0736,0.0295,0.0028,0.3362,0.0096
Tierney and Tingley 2015,-135.621,-58.9042,3790,PS75/063-2,1.5,0.548,0.0604,0.0248,0.0028,0.3503,0.0137
Tierney and Tingley 2015,-141.515,-62.6039,4488,PS75/065-2,0.7,0.5851,0.0656,0.0175,0.0023,0.322,0.0075
Tierney and Tingley 2015,-144.115,-64.9334,3727,PS75/068-1,-1.5,0.5682,0.0462,0.0178,0.0019,0.3573,0.0086
Tierney and Tingley 2015,-145.619,-62.2055,4328,PS75/069-2,-0.2,0.5807,0.0632,0.0193,0.0023,0.3232,0.0114
Tierney and Tingley 2015,-150.066,-58.5814,2839,PS75/070-1,0.2,0.5516,0.0614,0.0226,0.0028,0.3524,0.0092
Tierney and Tingley 2015,-151.219,-57.5599,3096,PS75/072-3,1,0.563,0.0672,0.026,0.0035,0.3307,0.0097
Tierney and Tingley 2015,-152.655,-56.2445,3318,PS75/074-1,2.1,0.5296,0.0703,0.0301,0.0027,0.3522,0.0152
Tierney and Tingley 2015,-156.141,-55.5285,3745,PS75/076-1,4.7,0.4954,0.0719,0.0347,0.0029,0.3845,0.0105
Tierney and Tingley 2015,-157.637,-58.1774,3870,PS75/080-2,2,0.5449,0.0641,0.0272,0.0027,0.3531,0.008
Tierney and Tingley 2015,-158.364,-59.0417,4004,PS75/082-2,3.1,0.5387,0.0712,0.03,0.0033,0.3479,0.0088
Tierney and Tingley 2015,-159.587,-61.0498,3313,PS75/084-1,0.6,0.5464,0.0592,0.0268,0.0034,0.357,0.0072
Tierney and Tingley 2015,-160.119,-61.9394,3724,PS75/085-2,0.6,0.5371,0.0638,0.0264,0.0029,0.3599,0.0099
Tierney and Tingley 2015,-161.904,-64.744,4064,PS75/086-1,-1.1,0.5915,0.0545,0.0194,0.0023,0.3258,0.0064
Tierney and Tingley 2015,-163.325,-66.7879,4411,PS75/087-2,-0.5,0.5809,0.0484,0.0175,0.0026,0.3421,0.0085
Tierney and Tingley 2015,-164.801,-68.7303,3849,PS75/088-3,-0.2,0.5497,0.0502,0.019,0.0028,0.3677,0.0106
Tierney and Tingley 2015,-165.542,-67.083,4121,PS75/089-6,0,0.5576,0.0562,0.018,0.0027,0.3541,0.0114
Tierney and Tingley 2015,-166.155,-65.411,3480,PS75/090-6,0.2,0.5626,0.0578,0.0204,0.0025,0.3483,0.0085
Tierney and Tingley 2015,-169.075,-63.6938,2944,PS75/091-6,0.7,0.5707,0.0684,0.0246,0.003,0.323,0.0103
Tierney and Tingley 2015,-169.502,-60.6673,3833,PS75/092-1,1.7,0.5065,0.0798,0.0342,0.0028,0.3633,0.0133
Tierney and Tingley 2015,-169.741,-61.8224,3274,PS75/094-3,1.2,0.5406,0.0653,0.0271,0.0026,0.3547,0.0096
Tierney and Tingley 2015,-174.431,-57.0196,4857,PS75/095-6,4.5,0.516,0.0699,0.0316,0.0039,0.3681,0.0105
Tierney and Tingley 2015,-171.358,-59.7004,4675,PS75/097-5,4,0.5314,0.0673,0.0341,0.0027,0.3528,0.0116
Tierney and Tingley 2015,-179.01,-52.9663,5187,PS75/098-6,8.3,0.5074,0.0677,0.0349,0.0037,0.3712,0.0153
Tierney and Tingley 2015,177.2732,-48.2618,1270,PS75/099-1,8.9,0.5105,0.0639,0.0346,0.0045,0.3719,0.0147
Tierney and Tingley 2015,177.1489,-45.7576,2502,PS75/100-1,12,0.4991,0.0653,0.0364,0.0035,0.383,0.0127
Tierney and Tingley 2015,175.8757,-45.8062,1773,PS75/101-2,10.9,0.5046,0.0692,0.0316,0.0044,0.3769,0.0133
Tierney and Tingley 2015,174.5258,-44.7693,835,PS75/104-2,11.4,0.5052,0.0582,0.029,0.0071,0.3917,0.0088
Tierney and Tingley 2015,174.6245,-44.4086,669,PS75/105-1,11.4,0.5133,0.0502,0.0231,0.0066,0.3953,0.0115
Tierney and Tingley 2015,34.597,27.687,1018,RS01-MC359,25.3,0.1013,0.0459,0.0906,0.0226,0.6541,0.0855
Tierney and Tingley 2015,35.047,27.712,863,RS08-MC601,25.3,0.1705,0.0584,0.0995,0.02,0.5709,0.0807
Tierney and Tingley 2015,35.405,27.053,628,RS09-MC596,25.7,0.0989,0.047,0.0962,0.0222,0.654,0.0816
Tierney and Tingley 2015,35.36,26.292,1175,RS13-MC360,25.7,0.1231,0.0545,0.1113,0.0241,0.5947,0.0924
Tierney and Tingley 2015,35.085,25.75,666,RS15-MC362,25.9,0.1112,0.0477,0.0924,0.0213,0.6395,0.0878
Tierney and Tingley 2015,35.608,25.522,941,RS17-MC363,25.9,0.1137,0.0497,0.1137,0.022,0.6022,0.0988
Tierney and Tingley 2015,36.23,24.76,1185,RS19-MC364,26.6,0.1061,0.0458,0.1216,0.021,0.6056,0.0999
Tierney and Tingley 2015,36.712,23.312,1024,RS23-MC365,26.8,0.0828,0.0393,0.1143,0.0215,0.6269,0.1152
Tierney and Tingley 2015,36.982,23.392,1387,RS24-MC71,26.8,0.0874,0.0402,0.1155,0.0205,0.6156,0.1207
Tierney and Tingley 2015,37.377,22.915,1324,RS26-MC73,27.4,0.0771,0.0373,0.1111,0.0236,0.6423,0.1086
Tierney and Tingley 2015,37.782,22.252,1521,RS29-MC79,27.4,0.0768,0.0327,0.1125,0.0226,0.6377,0.1177
Tierney and Tingley 2015,37.98,21.428,1538,RS31-MC85,28,0.0795,0.0377,0.1249,0.0236,0.6174,0.1169
Tierney and Tingley 2015,38.012,19.907,713,RS39-MC95,28.8,0.0721,0.0368,0.1015,0.0208,0.6691,0.0996
Tierney and Tingley 2015,38.423,20.105,2309,RS41-MC101,28.6,0.0841,0.0401,0.1228,0.0238,0.617,0.1122
Tierney and Tingley 2015,38.608,19.64,1991,RS42-MC113,28.8,0.0749,0.0385,0.1079,0.0231,0.639,0.1167
Tierney and Tingley 2015,38.722,19.458,1825,RS44-MC111,28.8,0.0781,0.0372,0.1074,0.0211,0.6565,0.0998
Tierney and Tingley 2015,39.053,19.135,1657,RS46-MC108,29.1,0.0747,0.0367,0.1016,0.0194,0.6622,0.1054
Tierney and Tingley 2015,39.057,18.602,501,RS50-MC105,29.2,0.0808,0.0422,0.1028,0.0186,0.6564,0.0992
Tierney and Tingley 2015,40.022,17.362,475,RS51-MC366,29.3,0.0904,0.043,0.0983,0.0195,0.6583,0.0905
Tierney and Tingley 2015,41.67,15.56,604,RS53-MC367,29,0.1146,0.0457,0.0807,0.019,0.6577,0.0823
Tierney and Tingley 2015,119.5,20.25,2800,S017,26.9,0.182,0.05,0.064,0.011,0.635,0.058
Tierney and Tingley 2015,111,10.5,2521,S031,27.9,0.176,0.051,0.07,0.011,0.63,0.061
Tierney and Tingley 2015,115.5,7.25,1609,S052,28.5,0.152,0.046,0.068,0.016,0.66,0.059
Tierney and Tingley 2015,119.09,20.65,3447,S072,26.9,0.204,0.057,0.07,0.012,0.602,0.055
Tierney and Tingley 2015,119.88,19.31,4182,S098,27.2,0.181,0.048,0.065,0.012,0.642,0.051
Tierney and Tingley 2015,118.36,17.28,3986,S137,27.3,0.194,0.05,0.063,0.009,0.625,0.06
Tierney and Tingley 2015,117.84,17.29,3960,S181,27.2,0.18,0.049,0.072,0.009,0.628,0.061
Tierney and Tingley 2015,118.93,16.17,3675,S199,27.9,0.177,0.052,0.076,0.009,0.622,0.063
Tierney and Tingley 2015,-120.017,34.217,530,nta Barbara ba,14.8,0.4363,0.0824,0.0507,0.0021,0.4135,0.0151
Tierney and Tingley 2015,-66.712,50.621,214,SEPT01-07 BEN,5.5,0.4892,0.0156,0.0052,0.003,0.4848,0.0021
Tierney and Tingley 2015,152.9199,44.0259,5282,SO202-01-3,6,0.4824,0.073,0.0388,0.004,0.3894,0.0124
Tierney and Tingley 2015,156.9821,46.9689,4822,SO202-02-4,5.3,0.4922,0.0798,0.0409,0.0035,0.3726,0.0109
Tierney and Tingley 2015,160.379,49.6141,5429,SO202-03-4,4.9,0.4359,0.082,0.0535,0,0.4286,0
Tierney and Tingley 2015,163.1604,51.8633,5273,SO202-04-3,5.1,0.4306,0.0924,0.041,0,0.4222,0.0138
Tierney and Tingley 2015,164.9193,52.6961,3362,SO202-05-3,5.3,0.4564,0.0873,0.0533,0.0037,0.3981,0.0013
Tierney and Tingley 2015,167.6993,51.2716,2349,SO202-07-2,5.3,0.4448,0.0736,0.0462,0.0038,0.4182,0.0134
Tierney and Tingley 2015,170.8213,50.5422,3630,SO202-08-1,5.9,0.4852,0.0735,0.0378,0.004,0.3981,0.0013
Tierney and Tingley 2015,175.1615,49.6635,5028,SO202-09-2,6.2,0.463,0.0649,0.0407,0.0067,0.4089,0.0158
Tierney and Tingley 2015,179.8478,52.7427,1488,SO202-10-2,5.3,0.4877,0.0559,0.0327,0.0037,0.4088,0.0112
Tierney and Tingley 2015,178.8999,53.1113,2704,SO202-11-1,5.3,0.7588,0.1155,0.0583,0,0.0674,0
Tierney and Tingley 2015,177.9572,54.9788,1383,SO202-13-4,5.5,0.4475,0.07,0.043,0.0033,0.4241,0.0121
Tierney and Tingley 2015,-179.849,59.5124,3137,SO202-15-4,4.4,0.4682,0.0602,0.0337,0.0036,0.4242,0.0102
Tierney and Tingley 2015,-179.11,60.403,548,SO202-16-1,4.6,0.447,0.0356,0.0165,0.003,0.4891,0.0088
Tierney and Tingley 2015,-179.443,60.1263,1108,SO202-18-1,4.6,0.4577,0.0751,0.0421,0.0032,0.4101,0.0118
Tierney and Tingley 2015,-170.328,54.7888,1911,SO202-21-2,5.5,0.4388,0.0687,0.028,0.0074,0.4461,0.0111
Tierney and Tingley 2015,-168.812,54.5737,1478,SO202-22-1,5.5,0.4963,0.0556,0.0275,0.0036,0.4093,0.0078
Tierney and Tingley 2015,-160.504,52.1727,4613,SO202-23-4,7.1,0.4385,0.0779,0.0555,0,0.4102,0.018
Tierney and Tingley 2015,-157.193,53.0025,4565,SO202-24-2,6.8,0.4415,0.0714,0.0533,0,0.421,0.0128
Tierney and Tingley 2015,-152.686,54.0985,4588,SO202-25-1,6.9,0.4447,0.0851,0.0521,0,0.4012,0.017
Tierney and Tingley 2015,-150.384,54.6378,742,SO202-26-1,6.9,0.4467,0.0702,0.0467,0,0.4205,0.016
Tierney and Tingley 2015,-149.597,54.2962,2916,SO202-27-1,7,0.4279,0.0794,0.0516,0.004,0.4229,0.0142
Tierney and Tingley 2015,-148.884,54.4185,3710,SO202-28-1,7.1,0.4391,0.0803,0.0512,0.0038,0.4121,0.0136
Tierney and Tingley 2015,-148.895,52.028,3984,SO202-29-5,7.4,0.7312,0.1237,0.0765,0.0057,0.0613,0.0018
Tierney and Tingley 2015,-158.5,45.5003,5302,SO202-32-5,9.6,0.4857,0.0611,0.0373,0.0035,0.4023,0.01
Tierney and Tingley 2015,-174.141,45.0838,6159,SO202-33-5,7.8,0.4465,0.0595,0.0288,0.003,0.4483,0.0139
Tierney and Tingley 2015,-177.676,40.8875,5713,SO202-34-4,13.4,0.444,0.0657,0.0392,0.0045,0.4295,0.0171
Tierney and Tingley 2015,176.6966,38.1898,4522,SO202-36-6,15.6,0.7234,0.1208,0.0704,0.0099,0.0728,0.0028
Tierney and Tingley 2015,176.2683,37.7675,3573,SO202-37-1,16.9,0.7106,0.1187,0.0761,0,0.0904,0.0042
Tierney and Tingley 2015,169.2812,38.0435,5503,SO202-38-1,16.1,0.4646,0.0621,0.0375,0,0.4102,0.0257
Tierney and Tingley 2015,164.4467,38.0115,5096,SO202-39-2,16,0.4263,0.0665,0.0437,0,0.4439,0.0196
Tierney and Tingley 2015,160.3342,38.4132,5408,SO202-41-3,16.4,0.4192,0.0646,0.0429,0.0064,0.4454,0.0214
Tierney and Tingley 2015,157.6282,38.8917,5535,SO202-42-3,15.9,0.7518,0.1037,0.0667,0.0102,0.065,0.0027
Tierney and Tingley 2015,149.485,40.2917,5476,SO202-45-2,13,0.4224,0.0647,0.0428,0,0.4544,0.0157
Tierney and Tingley 2015,118.48,21.52,2201,SO95-17941,26.7,0.2,0.059,0.078,0.011,0.597,0.056
Tierney and Tingley 2015,113.2,19.33,329,SO95-17942,26.5,0.169,0.051,0.063,0.014,0.651,0.053
Tierney and Tingley 2015,117.55,18.95,917,SO95-17943,26.9,0.193,0.06,0.077,0.013,0.593,0.065
Tierney and Tingley 2015,113.64,18.66,1219,SO95-17944,26.8,0.197,0.061,0.073,0.01,0.604,0.054
Tierney and Tingley 2015,113.78,18.13,2404,SO95-17945,26.8,0.193,0.066,0.07,0.009,0.613,0.048
Tierney and Tingley 2015,114.25,18.13,3465,SO95-17946,26.8,0.217,0.055,0.073,0.009,0.592,0.054
Tierney and Tingley 2015,116.03,18.47,3765,SO95-17947,26.9,0.2,0.063,0.086,0.012,0.575,0.065
Tierney and Tingley 2015,114.9,16.71,2841,SO95-17948,27.1,0.213,0.057,0.073,0.011,0.592,0.054
Tierney and Tingley 2015,115.17,17.35,2195,SO95-17949,26.9,0.203,0.064,0.087,0.011,0.573,0.06
Tierney and Tingley 2015,112.9,16.09,1868,SO95-17950,28,0.193,0.062,0.085,0.011,0.591,0.059
Tierney and Tingley 2015,113.41,16.29,2340,SO95-17951,27.3,0.183,0.057,0.077,0.01,0.625,0.049
Tierney and Tingley 2015,114.47,16.67,2864,SO95-17952,27.1,0.212,0.06,0.078,0.01,0.584,0.057
Tierney and Tingley 2015,111.53,14.8,1517,SO95-17954,27.4,0.205,0.061,0.078,0.012,0.586,0.058
Tierney and Tingley 2015,112.18,14.12,2404,SO95-17955,27.6,0.201,0.058,0.075,0.01,0.604,0.053
Tierney and Tingley 2015,112.59,13.85,3387,SO95-17956,27.7,0.213,0.062,0.085,0.01,0.571,0.059
Tierney and Tingley 2015,115.3,10.9,2197,SO95-17957,28.1,0.218,0.055,0.079,0.009,0.577,0.061
Tierney and Tingley 2015,115.08,11.62,2581,SO95-17958,28.2,0.199,0.052,0.076,0.009,0.606,0.058
Tierney and Tingley 2015,115.29,11.14,1957,SO95-17959,28.2,0.179,0.05,0.08,0.01,0.63,0.051
Tierney and Tingley 2015,115.56,10.12,1707,SO95-17960,28.1,0.179,0.052,0.077,0.01,0.633,0.049
Tierney and Tingley 2015,112.08,7.18,1970,SO95-17962,28.9,0.145,0.05,0.071,0.013,0.663,0.058
Tierney and Tingley 2015,112.67,6.17,1233,SO95-17963,28.5,0.135,0.05,0.077,0.014,0.667,0.058
Tierney and Tingley 2015,112.21,6.16,1556,SO95-17964,28.5,0.119,0.047,0.072,0.015,0.7,0.046
Tierney and Tingley 2015,112.55,6.16,889,SO95-17965,28.5,0.137,0.049,0.07,0.013,0.67,0.06
Tierney and Tingley 2015,4.5,53.5,24,uth Frisian Fro,10.6,0.4781,0.043,0.0174,0.0068,0.4498,0.0049
Tierney and Tingley 2015,143.682,-56.002,3429,ST-32,2.3,0.5112,0.0533,0.022,0.0038,0.3923,0.0174
Tierney and Tingley 2015,142.002,-60.045,4354,ST-34,1.5,0.5417,0.0505,0.0176,0.003,0.3781,0.0092
Tierney and Tingley 2015,141.675,-62.013,4265,ST-35,0.4,0.5119,0.0597,0.0233,0.0038,0.3865,0.0148
Tierney and Tingley 2015,46.722,84.009,3960,ST-45,1.3,0.5317,0.0235,0.0069,0.0027,0.4308,0.0044
Tierney and Tingley 2015,-79.712,60.621,129,Station A,6.8,0.4826,0.0197,0.0051,0.0025,0.487,0.0031
Tierney and Tingley 2015,-81.712,60.621,156,Station B,8.7,0.4794,0.0181,0.0048,0.0025,0.4917,0.0035
Tierney and Tingley 2015,119.5,21.25,2500,SX15,27,0.175,0.05,0.069,0.012,0.64,0.054
Tierney and Tingley 2015,1.322,-2.077,2088,T89-10,25,0.3429,0.0696,0.0654,0.0088,0.4751,0.0381
Tierney and Tingley 2015,7.973,-5.2,4068,T89-12,26.5,0.3484,0.0695,0.0632,0.0035,0.4421,0.0733
Tierney and Tingley 2015,9.238,-4.107,3092,T89-13,25.4,0.1884,0.0503,0.0652,0.0102,0.6468,0.0391
Tierney and Tingley 2015,9.69,-3.509,868,T89-14,25.3,0.2911,0.0759,0.0732,0.0142,0.5139,0.0318
Tierney and Tingley 2015,10.022,-4.213,1930,T89-15,25.2,0.2987,0.0774,0.0816,0.0133,0.4918,0.0373
Tierney and Tingley 2015,11.228,-5.705,826,T89-16,25,0.2723,0.0743,0.0804,0.0173,0.5192,0.0363
Tierney and Tingley 2015,7.805,-6.818,4253,T89-17,26.3,0.3191,0.0734,0.0738,0.0164,0.4724,0.0447
Tierney and Tingley 2015,9.955,-6.043,3140,T89-19,26.1,0.3389,0.0778,0.0765,0.0126,0.4624,0.0318
Tierney and Tingley 2015,11.537,-7.307,1080,T89-20,25.9,0.2737,0.0661,0.0746,0.0109,0.5372,0.0375
Tierney and Tingley 2015,11.993,-7.275,490,T89-21,25.9,0.2628,0.0708,0.0743,0.0158,0.5438,0.0324
Tierney and Tingley 2015,12.067,-7.13,200,T89-22,25.9,0.2571,0.074,0.0754,0.0137,0.5483,0.0315
Tierney and Tingley 2015,12.108,-8.513,796,T89-23,24.9,0.2758,0.0678,0.0733,0.014,0.5384,0.0307
Tierney and Tingley 2015,12.058,-8.908,2157,T89-24,24.9,0.3241,0.0813,0.0848,0.01,0.4627,0.0371
Tierney and Tingley 2015,10.608,-9.368,4164,T89-25,25.7,0.2383,0.0581,0.0735,0.0118,0.5901,0.0283
Tierney and Tingley 2015,5.637,-10.387,5307,T89-28,24.6,0.1695,0.0709,0.0892,0.0113,0.6436,0.0157
Tierney and Tingley 2015,8.22,-14.877,4752,T89-30,22.1,0.3931,0.0796,0.0613,0.0051,0.4273,0.0336
Tierney and Tingley 2015,10.668,-14.893,3342,T89-32,21.9,0.335,0.0896,0.0627,0.0087,0.4717,0.0324
Tierney and Tingley 2015,11.62,-14.96,2027,T89-33,23.2,0.3645,0.0895,0.0729,0.0126,0.4322,0.0284
Tierney and Tingley 2015,11.967,-15.127,999,T89-34,20.8,0.322,0.0759,0.0599,0.01,0.5052,0.0269
Tierney and Tingley 2015,11.62,-17.293,802,T89-35,18.5,0.3168,0.0642,0.0499,0.0097,0.534,0.0254
Tierney and Tingley 2015,13.838,-14.96,131,T89-36,23.2,0.3522,0.0556,0.0336,0.0111,0.5269,0.0206
Tierney and Tingley 2015,6.782,-21.617,3060,T89-40,20,0.3533,0.0909,0.0732,0.0068,0.4476,0.0282
Tierney and Tingley 2015,6,-20.8,4282,T89-41,20.2,0.3473,0.0911,0.0716,0.0058,0.4471,0.0371
Tierney and Tingley 2015,4.427,-8.787,5362,T89-47,25.1,0.3528,0.0878,0.0719,0.0055,0.4494,0.0326
Tierney and Tingley 2015,147.49,-47.572,1301,TSP-1,10.2,0.3961,0.0619,0.0392,0.006,0.4718,0.0251
Tierney and Tingley 2015,146.9,-48.127,2283,TSP-2,9.7,0.4492,0.0709,0.0411,0.0055,0.4167,0.0166
Tierney and Tingley 2015,146.41,-48.558,2897,TSP-3,9.7,0.454,0.0675,0.04,0.0043,0.4194,0.0149
Tierney and Tingley 2015,-124.3,46.333,70,WM1 MC33,11.8,0.5034,0.0266,0.0123,0.0042,0.4472,0.0063
Tierney and Tingley 2015,-124.383,46.5,90,WM2 MC30,11.8,0.4653,0.0275,0.0153,0.0055,0.4781,0.0083
Tierney and Tingley 2015,-124.633,46.667,150,WM3 MC28,11.8,0.472,0.0255,0.0109,0.0021,0.4842,0.0054
Tierney and Tingley 2015,-125,46.817,600,WM4 MC21,12.4,0.4461,0.053,0.0288,0.0038,0.4565,0.0117
Tierney and Tingley 2015,-125.2,46.75,1000,WM5 MC20,12.4,0.4304,0.0617,0.0385,0.0038,0.451,0.0147
Tierney and Tingley 2015,47.915,13.078,2215,XGA7-MC123,28.1,0.2102,0.0669,0.0783,0.0125,0.5662,0.066
Seki et al. 2014,152.023,50.987,1102,XP98-MC1,4.8,0.6513,0.0659,0.0254,0.0041,0.2463,0.0071
Seki et al. 2014,148.292,50.392,1258,XP98-MC2,5.5,0.6548,0.0578,0.0219,0.003,0.2554,0.007
Seki et al. 2014,146.333,53.767,1576,XP98-MC3,6.9,0.5894,0.0736,0.0359,0.0033,0.2901,0.0077
Seki et al. 2014,152.536,46.557,2625,XP99 St.2MC,4.5,0.5899,0.0864,0.0405,0.0052,0.2695,0.0085
Seki et al. 2014,151.108,47.202,3362,XP99 St.16MC,3.8,0.6677,0.0668,0.0251,0.0036,0.2306,0.0063
Seki et al. 2014,149.69,48.591,1613,XP99 St.19MC,4.7,0.8165,0.0969,0.0407,0.0039,0.0324,0.0096
Seki et al. 2014,145.671,49.521,490,XP99 St.22MC,5.8,0.7602,0.0296,0.0078,0.003,0.1958,0.0035
Seki et al. 2014,145.051,51.459,787,XP99 St.MC5,5.6,0.6775,0.0381,0.0125,0.0046,0.2617,0.0055
Seki et al. 2014,144.017,55.503,923,XP99?MC8,4.5,0.6828,0.0394,0.0148,0.003,0.2551,0.005
Seki et al. 2014,140.841,55.586,184,XP99 St.50MC,7.4,0.6728,0.0201,0.0061,0.003,0.2924,0.0056
Seki et al. 2014,139.858,55.65,141,XP99 St.53MC,8,0.1671,0.0456,0.0136,0.0115,0.7532,0.009
Seki et al. 2014,138.902,55.741,108,XP99 St.59MC,8.2,0.6624,0.0188,0.0065,0.0044,0.3038,0.004
Seki et al. 2014,141.001,54.987,134,XP99 St.63MC,7.8,0.6856,0.0207,0.0059,0.0044,0.28,0.0034
Seki et al. 2014,141.991,54.986,117,XP99 St.68MC,7.4,0.6515,0.0211,0.0069,0.0049,0.3124,0.0032
Seki et al. 2014,147.473,49.538,1242,XP00 St.31MC,6.6,0.6607,0.0585,0.0274,0.0035,0.2431,0.0067
Seki et al. 2014,144.133,51.251,154,XP00 MC5,5.9,0.6888,0.0205,0.0067,0.0044,0.2758,0.0038
Seki et al. 2014,143.839,52.972,72,XP00 MC6,6.1,0.6648,0.0217,0.0068,0.004,0.2984,0.0044
Seki et al. 2014,144.39,52.976,444,XP00 MC7,6,0.6352,0.0193,0.0064,0.0049,0.33,0.0042
Seki et al. 2014,143.006,55.005,105,XP00 MC14,6.1,0.6602,0.0158,0.0042,0.003,0.3125,0.0042
Seki et al. 2014,141.988,54.24,48,Kh06-G12,8.6,0.1593,0.0654,0.0196,0.0083,0.7371,0.0103
Seki et al. 2014,141.985,55.473,245,Kh06-F5,6.5,0.6442,0.0209,0.0064,0.0039,0.3202,0.0043
Seki et al. 2014,144.141,54.003,970,Kh06-D3,5.9,0.7043,0.035,0.0118,0.0033,0.2402,0.0053
Seki et al. 2014,144.85,54.005,1425,Kh06-D1,6.9,0.6466,0.0742,0.0287,0.0031,0.2403,0.0071
Seki et al. 2014,145.002,52.241,850,Kh07-C6,6.2,0.6843,0.0312,0.0113,0.0042,0.2631,0.0059
Seki et al. 2014,146.003,52.242,1431,Kh07-C9,6.5,0.6046,0.0831,0.044,0.0035,0.2553,0.0094
Seki et al. 2014,144.518,49.501,127,Kh06-B7,7,0.6583,0.0203,0.0073,0.0049,0.3047,0.0044
Seki et al. 2014,145.002,49.492,267,Kh07-B6,6.4,0.7365,0.022,0.0066,0.0038,0.2271,0.0039
Seki et al. 2014,148.259,49.5,1035,Kh07-B1,5.6,0.6551,0.0701,0.0284,0.0043,0.2335,0.0085
Seki et al. 2014,149.205,51.272,1250,YK07-12 St1,5.1,0.6446,0.0698,0.0299,0.0036,0.2434,0.0086
Seki et al. 2014,149.141,52.657,1000,YK07-12 St5,5,0.6476,0.091,0.0377,0.0034,0.2109,0.0094
Seki et al. 2014,149,53.153,1500,YK07-12 St6,5,0.6404,0.0818,0.0404,0.0031,0.2266,0.0077
Seki et al. 2014,150.074,53.276,1140,YK07-12 St8,4.7,0.6265,0.059,0.0302,0.0038,0.271,0.0096
Seki et al. 2014,149.323,54.751,600,YK07-12 St10,4.7,0.7289,0.0321,0.0089,0.0027,0.2225,0.005
Seki et al. 2014,123.3,4.47,4095,ODP767,28.9,0.2378,0.0625,0.0824,0.0148,0.5533,0.0493
Seki et al. 2014,119.421,16.391,1529,ODP772,28.3,0.1515,0.0491,0.0891,0.0155,0.6439,0.051
Seki et al. 2014,141.189,30.517,2958,ODP782,22.9,0.3011,0.0667,0.066,0.0096,0.523,0.0336
Seki et al. 2014,140.533,31.635,2964,ODP793,22.7,0.2633,0.0553,0.0557,0.0106,0.5788,0.0364
Seki et al. 2014,139.247,42.509,2570,ODP796,12,0.4809,0.0507,0.0233,0.0037,0.4323,0.0092
Seki et al. 2014,133.52,39.132,2073,ODP799,13.4,0.483,0.0331,0.0172,0.0063,0.4515,0.009
Seki et al. 2014,134.567,32.211,4676,ODP808,23.1,0.2908,0.0608,0.0655,0.0129,0.5331,0.0369
Seki et al. 2014,172.207,5.334,1254,ODP871,28.8,0.2734,0.0662,0.0763,0.0128,0.5383,0.033
Seki et al. 2014,167.36,50.218,3244,ODP882,5.5,0.2581,0.0707,0.0817,0.0117,0.535,0.0429
Seki et al. 2014,167.4613,51.11898,3826,ODP883,5.5,0.4689,0.068,0.0302,0.0031,0.4192,0.0106
Seki et al. 2014,168.202,51.27,3826,ODP884,5.5,0.4305,0.0724,0.0343,0.0039,0.446,0.013
Seki et al. 2014,-148.268,54.219,3631,ODP887,7.2,0.451,0.0567,0.0438,0.0031,0.4327,0.0128
Seki et al. 2014,117.251,20.318,2035,ODP1144,26.4,0.248,0.071,0.0906,0.0142,0.5206,0.0556
Seki et al. 2014,116.339,18.502,3297,ODP1148,27,0.2346,0.0634,0.0816,0.012,0.5533,0.0551
Seki et al. 2014,143.211,31.205,5817,ODP1149,22.5,0.3514,0.0502,0.053,0.0102,0.4996,0.0357
Seki et al. 2014,135.151,32.147,4790,ODP1173,22.9,0.2448,0.0556,0.0581,0.0122,0.594,0.0354
Seki et al. 2014,134.387,32.359,2997,ODP1175,23.1,0.3779,0.0811,0.0603,0.0087,0.4507,0.0213
Seki et al. 2014,134.288,32.439,1741,ODP1178,23.3,0.2878,0.0703,0.0738,0.0131,0.5134,0.0416
Seki et al. 2014,159.578,41.479,5565,ODP1179,11.5,0.4647,0.0628,0.0273,0.004,0.4284,0.0127
Seki et al. 2014,122.3,24.482,1274,ODP1202,26.2,0.2949,0.0557,0.0676,0.0141,0.5288,0.0389
Seki et al. 2014,162.451,37.474,3100,ODP1207,17.1,0.3564,0.0487,0.0364,0.0042,0.5174,0.0369
Seki et al. 2014,158.121,36.763,3345,ODP1208,18.3,0.3339,0.0567,0.0511,0.008,0.518,0.0324
Seki et al. 2014,157.51,32.013,2907,ODP1211,21.4,0.299,0.0575,0.054,0.0097,0.5381,0.0417
Seki et al. 2014,157.427,32.269,2682,ODP1212,21.4,0.302,0.0584,0.0523,0.0087,0.5408,0.0378
